09:33:23.840 [main] INFO  c.a.n.c.u.ParamUtil - [<clinit>,87] - [settings] [req-serv] nacos-server port:8848
09:33:23.842 [main] INFO  c.a.n.c.u.ParamUtil - [<clinit>,98] - [settings] [http-client] connect timeout:1000
09:33:23.844 [main] INFO  c.a.n.c.u.ParamUtil - [<clinit>,105] - PER_TASK_CONFIG_SIZE: 3000.0
09:33:23.939 [main] INFO  c.a.n.p.a.s.c.ClientAuthPluginManager - [init,56] - [ClientAuthPluginManager] Load ClientAuthService com.alibaba.nacos.client.auth.impl.NacosClientAuthServiceImpl success.
09:33:23.940 [main] INFO  c.a.n.p.a.s.c.ClientAuthPluginManager - [init,56] - [ClientAuthPluginManager] Load ClientAuthService com.alibaba.nacos.client.auth.ram.RamClientAuthServiceImpl success.
09:33:23.941 [main] INFO  c.a.n.c.a.r.i.CredentialWatcher - [loadCredential,165] - null No credential found
09:33:25.461 [main] INFO  c.a.n.c.c.i.LocalConfigInfoProcessor - [<clinit>,63] - LOCAL_SNAPSHOT_PATH:C:\Users\爸爸的computer\nacos\config
09:33:25.468 [main] INFO  c.a.n.c.r.client - [lambda$createClient$0,108] - [RpcClientFactory] create a new rpc client of 335771bb-b4c0-49e6-a65e-9646b1a01cd4_config-0
09:33:25.501 [main] INFO  c.a.n.c.r.client - [printIfInfoEnabled,63] - [335771bb-b4c0-49e6-a65e-9646b1a01cd4_config-0] Register server push request handler:com.alibaba.nacos.client.config.impl.ClientWorker$ConfigRpcTransportClient$$Lambda$518/0x00000218812a8d28
09:33:25.502 [main] INFO  c.a.n.c.r.client - [printIfInfoEnabled,63] - [335771bb-b4c0-49e6-a65e-9646b1a01cd4_config-0] Register server push request handler:com.alibaba.nacos.client.config.impl.ClientWorker$ConfigRpcTransportClient$$Lambda$519/0x00000218812a9148
09:33:25.502 [main] INFO  c.a.n.c.r.client - [printIfInfoEnabled,63] - [335771bb-b4c0-49e6-a65e-9646b1a01cd4_config-0] Registry connection listener to current client:com.alibaba.nacos.client.config.impl.ClientWorker$ConfigRpcTransportClient$1
09:33:25.503 [main] INFO  c.a.n.c.r.client - [printIfInfoEnabled,63] - [335771bb-b4c0-49e6-a65e-9646b1a01cd4_config-0] RpcClient init, ServerListFactory = com.alibaba.nacos.client.config.impl.ClientWorker$ConfigRpcTransportClient$2
09:33:25.513 [main] INFO  c.a.n.c.r.client - [printIfInfoEnabled,63] - [335771bb-b4c0-49e6-a65e-9646b1a01cd4_config-0] Try to connect to server on start up, server: {serverIp = 'localhost', server main port = 8848}
09:33:25.541 [main] INFO  c.a.n.c.r.c.g.GrpcClient - [createNewManagedChannel,182] - grpc client connection server:localhost ip,serverPort:9848,grpcTslConfig:{"sslProvider":"OPENSSL","enableTls":false,"mutualAuthEnable":false,"trustAll":false}
09:33:26.564 [main] INFO  c.a.n.c.r.client - [printIfInfoEnabled,63] - [335771bb-b4c0-49e6-a65e-9646b1a01cd4_config-0] Success to connect to server [localhost:8848] on start up, connectionId = 1771292006390_172.17.0.1_57276
09:33:26.564 [com.alibaba.nacos.client.remote.worker] INFO  c.a.n.c.r.client - [printIfInfoEnabled,63] - [335771bb-b4c0-49e6-a65e-9646b1a01cd4_config-0] Notify connected event to listeners.
09:33:26.564 [com.alibaba.nacos.client.remote.worker] INFO  c.a.n.c.c.i.ClientWorker - [onConnected,639] - [335771bb-b4c0-49e6-a65e-9646b1a01cd4_config-0] Connected,notify listen context...
09:33:26.564 [main] INFO  c.a.n.c.r.client - [printIfInfoEnabled,63] - [335771bb-b4c0-49e6-a65e-9646b1a01cd4_config-0] Register server push request handler:com.alibaba.nacos.common.remote.client.RpcClient$ConnectResetRequestHandler
09:33:26.564 [main] INFO  c.a.n.c.r.client - [printIfInfoEnabled,63] - [335771bb-b4c0-49e6-a65e-9646b1a01cd4_config-0] Register server push request handler:com.alibaba.nacos.common.remote.client.RpcClient$$Lambda$542/0x0000021881430440
09:33:26.589 [main] INFO  c.a.n.c.c.i.Limiter - [<clinit>,62] - limitTime:5.0
09:33:26.613 [main] INFO  c.a.n.c.c.u.JvmUtil - [<clinit>,54] - isMultiInstance:false
09:33:26.617 [main] INFO  o.s.c.b.c.PropertySourceBootstrapConfiguration - [initialize,108] - Located property source: [BootstrapPropertySource {name='bootstrapProperties-oj-system-local.yaml,DEFAULT_GROUP'}, BootstrapPropertySource {name='bootstrapProperties-oj-system.yaml,DEFAULT_GROUP'}, BootstrapPropertySource {name='bootstrapProperties-oj-system,DEFAULT_GROUP'}]
09:33:26.621 [main] INFO  c.o.s.OjSystemApplication - [logStartupProfileInfo,636] - The following 1 profile is active: "local"
09:33:27.403 [main] INFO  o.s.c.c.s.GenericScope - [setSerializationId,282] - BeanFactory id=4440dfa8-f5ef-3b1f-bdb6-e4e2e6b115a7
09:33:27.955 [main] INFO  o.s.b.w.e.t.TomcatWebServer - [initialize,108] - Tomcat initialized with port(s): 9202 (http)
09:33:27.956 [main] INFO  o.a.c.c.AprLifecycleListener - [log,173] - An older version [1.2.39] of the Apache Tomcat Native library is installed, while Tomcat recommends a minimum version of [2.0.1]
09:33:27.956 [main] INFO  o.a.c.c.AprLifecycleListener - [log,173] - Loaded Apache Tomcat Native library [1.2.39] using APR version [1.7.4].
09:33:27.961 [main] INFO  o.a.c.c.AprLifecycleListener - [log,173] - OpenSSL successfully initialized [OpenSSL 3.0.11 19 Sep 2023]
09:33:27.975 [main] INFO  o.a.c.h.Http11NioProtocol - [log,173] - Initializing ProtocolHandler ["http-nio-9202"]
09:33:27.976 [main] INFO  o.a.c.c.StandardService - [log,173] - Starting service [Tomcat]
09:33:27.976 [main] INFO  o.a.c.c.StandardEngine - [log,173] - Starting Servlet engine: [Apache Tomcat/10.1.4]
09:33:28.060 [main] INFO  o.a.c.c.C.[.[.[/] - [log,173] - Initializing Spring embedded WebApplicationContext
09:33:28.061 [main] INFO  o.s.b.w.s.c.ServletWebServerApplicationContext - [prepareWebApplicationContext,291] - Root WebApplicationContext: initialization completed in 1427 ms
09:33:30.896 [main] INFO  o.s.c.c.u.InetUtils - [convertAddress,170] - Cannot determine local hostname
09:33:32.823 [main] INFO  o.s.c.c.u.InetUtils - [convertAddress,170] - Cannot determine local hostname
09:33:32.837 [main] INFO  o.a.c.h.Http11NioProtocol - [log,173] - Starting ProtocolHandler ["http-nio-9202"]
09:33:32.851 [main] INFO  o.s.b.w.e.t.TomcatWebServer - [start,220] - Tomcat started on port(s): 9202 (http) with context path ''
09:33:32.859 [main] INFO  c.a.n.client.naming - [initNamespaceForNaming,62] - initializer namespace from ans.namespace attribute : null
09:33:32.860 [main] INFO  c.a.n.client.naming - [lambda$initNamespaceForNaming$0,66] - initializer namespace from ALIBABA_ALIWARE_NAMESPACE attribute :null
09:33:32.861 [main] INFO  c.a.n.client.naming - [lambda$initNamespaceForNaming$1,73] - initializer namespace from namespace attribute :null
09:33:32.870 [main] INFO  c.a.n.p.a.s.c.ClientAuthPluginManager - [init,56] - [ClientAuthPluginManager] Load ClientAuthService com.alibaba.nacos.client.auth.impl.NacosClientAuthServiceImpl success.
09:33:32.870 [main] INFO  c.a.n.p.a.s.c.ClientAuthPluginManager - [init,56] - [ClientAuthPluginManager] Load ClientAuthService com.alibaba.nacos.client.auth.ram.RamClientAuthServiceImpl success.
09:33:32.874 [main] INFO  c.a.n.c.r.client - [lambda$createClient$0,108] - [RpcClientFactory] create a new rpc client of 18cb4132-9550-458f-bb72-ebcfa6cd8055
09:33:32.876 [main] INFO  c.a.n.c.r.client - [printIfInfoEnabled,63] - [18cb4132-9550-458f-bb72-ebcfa6cd8055] RpcClient init, ServerListFactory = com.alibaba.nacos.client.naming.core.ServerListManager
09:33:32.877 [main] INFO  c.a.n.c.r.client - [printIfInfoEnabled,63] - [18cb4132-9550-458f-bb72-ebcfa6cd8055] Registry connection listener to current client:com.alibaba.nacos.client.naming.remote.gprc.redo.NamingGrpcRedoService
09:33:32.877 [main] INFO  c.a.n.c.r.client - [printIfInfoEnabled,63] - [18cb4132-9550-458f-bb72-ebcfa6cd8055] Register server push request handler:com.alibaba.nacos.client.naming.remote.gprc.NamingPushRequestHandler
09:33:32.878 [main] INFO  c.a.n.c.r.client - [printIfInfoEnabled,63] - [18cb4132-9550-458f-bb72-ebcfa6cd8055] Try to connect to server on start up, server: {serverIp = 'localhost', server main port = 8848}
09:33:32.878 [main] INFO  c.a.n.c.r.c.g.GrpcClient - [createNewManagedChannel,182] - grpc client connection server:localhost ip,serverPort:9848,grpcTslConfig:{"sslProvider":"OPENSSL","enableTls":false,"mutualAuthEnable":false,"trustAll":false}
09:33:32.994 [main] INFO  c.a.n.c.r.client - [printIfInfoEnabled,63] - [18cb4132-9550-458f-bb72-ebcfa6cd8055] Success to connect to server [localhost:8848] on start up, connectionId = 1771292012880_172.17.0.1_57520
09:33:32.995 [main] INFO  c.a.n.c.r.client - [printIfInfoEnabled,63] - [18cb4132-9550-458f-bb72-ebcfa6cd8055] Register server push request handler:com.alibaba.nacos.common.remote.client.RpcClient$ConnectResetRequestHandler
09:33:32.995 [com.alibaba.nacos.client.remote.worker] INFO  c.a.n.c.r.client - [printIfInfoEnabled,63] - [18cb4132-9550-458f-bb72-ebcfa6cd8055] Notify connected event to listeners.
09:33:32.995 [main] INFO  c.a.n.c.r.client - [printIfInfoEnabled,63] - [18cb4132-9550-458f-bb72-ebcfa6cd8055] Register server push request handler:com.alibaba.nacos.common.remote.client.RpcClient$$Lambda$542/0x0000021881430440
09:33:32.995 [com.alibaba.nacos.client.remote.worker] INFO  c.a.n.client.naming - [onConnected,78] - Grpc connection connect
09:33:32.996 [main] INFO  c.a.n.client.naming - [registerService,121] - [REGISTER-SERVICE] 6229ec57-34ae-49d1-b268-4c97d9d1f1e9 registering service oj-system with instance Instance{instanceId='null', ip='192.168.187.1', port=9202, weight=1.0, healthy=true, enabled=true, ephemeral=true, clusterName='DEFAULT', serviceName='null', metadata={IPv6=null, preserved.register.source=SPRING_CLOUD}}
09:33:33.005 [main] INFO  c.a.c.n.r.NacosServiceRegistry - [register,76] - nacos registry, DEFAULT_GROUP oj-system 192.168.187.1:9202 register finished
09:33:34.417 [main] INFO  o.s.c.c.u.InetUtils - [convertAddress,170] - Cannot determine local hostname
09:33:34.423 [main] INFO  c.o.s.OjSystemApplication - [logStarted,57] - Started OjSystemApplication in 12.627 seconds (process running for 13.476)
09:33:34.426 [main] INFO  c.a.n.c.c.i.CacheData - [<clinit>,67] - nacos.cache.data.init.snapshot = true 
09:33:34.427 [main] INFO  c.a.n.c.c.i.ClientWorker - [addCacheDataIfAbsent,380] - [fixed-6229ec57-34ae-49d1-b268-4c97d9d1f1e9-localhost_8848] [subscribe] oj-system-local.yaml+DEFAULT_GROUP+6229ec57-34ae-49d1-b268-4c97d9d1f1e9
09:33:34.432 [main] INFO  c.a.n.c.c.i.CacheData - [addListener,197] - [fixed-6229ec57-34ae-49d1-b268-4c97d9d1f1e9-localhost_8848] [add-listener] ok, tenant=6229ec57-34ae-49d1-b268-4c97d9d1f1e9, dataId=oj-system-local.yaml, group=DEFAULT_GROUP, cnt=1
09:33:34.432 [main] INFO  c.a.c.n.r.NacosContextRefresher - [registerNacosListener,129] - [Nacos Config] Listening config: dataId=oj-system-local.yaml, group=DEFAULT_GROUP
09:33:34.433 [main] INFO  c.a.n.c.c.i.ClientWorker - [addCacheDataIfAbsent,380] - [fixed-6229ec57-34ae-49d1-b268-4c97d9d1f1e9-localhost_8848] [subscribe] oj-system+DEFAULT_GROUP+6229ec57-34ae-49d1-b268-4c97d9d1f1e9
09:33:34.433 [main] INFO  c.a.n.c.c.i.CacheData - [addListener,197] - [fixed-6229ec57-34ae-49d1-b268-4c97d9d1f1e9-localhost_8848] [add-listener] ok, tenant=6229ec57-34ae-49d1-b268-4c97d9d1f1e9, dataId=oj-system, group=DEFAULT_GROUP, cnt=1
09:33:34.433 [main] INFO  c.a.c.n.r.NacosContextRefresher - [registerNacosListener,129] - [Nacos Config] Listening config: dataId=oj-system, group=DEFAULT_GROUP
09:33:34.434 [main] INFO  c.a.n.c.c.i.ClientWorker - [addCacheDataIfAbsent,380] - [fixed-6229ec57-34ae-49d1-b268-4c97d9d1f1e9-localhost_8848] [subscribe] oj-system.yaml+DEFAULT_GROUP+6229ec57-34ae-49d1-b268-4c97d9d1f1e9
09:33:34.434 [main] INFO  c.a.n.c.c.i.CacheData - [addListener,197] - [fixed-6229ec57-34ae-49d1-b268-4c97d9d1f1e9-localhost_8848] [add-listener] ok, tenant=6229ec57-34ae-49d1-b268-4c97d9d1f1e9, dataId=oj-system.yaml, group=DEFAULT_GROUP, cnt=1
09:33:34.434 [main] INFO  c.a.c.n.r.NacosContextRefresher - [registerNacosListener,129] - [Nacos Config] Listening config: dataId=oj-system.yaml, group=DEFAULT_GROUP
09:34:32.502 [http-nio-9202-exec-1] INFO  o.a.c.c.C.[.[.[/] - [log,173] - Initializing Spring DispatcherServlet 'dispatcherServlet'
09:34:32.503 [http-nio-9202-exec-1] INFO  o.s.w.s.DispatcherServlet - [initServletBean,532] - Initializing Servlet 'dispatcherServlet'
09:34:32.505 [http-nio-9202-exec-1] INFO  o.s.w.s.DispatcherServlet - [initServletBean,554] - Completed initialization in 2 ms
09:35:27.815 [SpringApplicationShutdownHook] INFO  c.a.c.n.r.NacosServiceRegistry - [deregister,95] - De-registering from Nacos Server now...
09:35:27.815 [SpringApplicationShutdownHook] INFO  c.a.n.client.naming - [deregisterService,217] - [DEREGISTER-SERVICE] 6229ec57-34ae-49d1-b268-4c97d9d1f1e9 deregistering service oj-system with instance: Instance{instanceId='null', ip='192.168.187.1', port=9202, weight=1.0, healthy=true, enabled=true, ephemeral=true, clusterName='DEFAULT', serviceName='null', metadata={}}
09:35:27.823 [SpringApplicationShutdownHook] INFO  c.a.c.n.r.NacosServiceRegistry - [deregister,115] - De-registration finished.
09:35:27.824 [SpringApplicationShutdownHook] INFO  c.a.n.client.naming - [shutdown,256] - com.alibaba.nacos.client.naming.cache.ServiceInfoHolder do shutdown begin
09:35:27.824 [SpringApplicationShutdownHook] INFO  c.a.n.client.naming - [shutdown,136] - com.alibaba.nacos.client.naming.backups.FailoverReactor do shutdown begin
09:35:27.825 [SpringApplicationShutdownHook] INFO  c.a.n.client.naming - [shutdown,138] - com.alibaba.nacos.client.naming.backups.FailoverReactor do shutdown stop
09:35:27.825 [SpringApplicationShutdownHook] INFO  c.a.n.client.naming - [shutdown,258] - com.alibaba.nacos.client.naming.cache.ServiceInfoHolder do shutdown stop
09:35:27.825 [SpringApplicationShutdownHook] INFO  c.a.n.client.naming - [shutdown,204] - com.alibaba.nacos.client.naming.remote.NamingClientProxyDelegate do shutdown begin
09:35:27.825 [SpringApplicationShutdownHook] INFO  c.a.n.client.naming - [shutdown,143] - com.alibaba.nacos.client.naming.core.ServiceInfoUpdateService do shutdown begin
09:35:27.825 [SpringApplicationShutdownHook] INFO  c.a.n.client.naming - [shutdown,145] - com.alibaba.nacos.client.naming.core.ServiceInfoUpdateService do shutdown stop
09:35:27.825 [SpringApplicationShutdownHook] INFO  c.a.n.client.naming - [shutdown,194] - com.alibaba.nacos.client.naming.core.ServerListManager do shutdown begin
09:35:27.825 [SpringApplicationShutdownHook] INFO  c.a.n.client.naming - [shutdown,199] - com.alibaba.nacos.client.naming.core.ServerListManager do shutdown stop
09:35:27.825 [SpringApplicationShutdownHook] INFO  c.a.n.client.naming - [shutdown,484] - com.alibaba.nacos.client.naming.remote.http.NamingHttpClientProxy do shutdown begin
09:35:27.825 [SpringApplicationShutdownHook] INFO  c.a.n.client.naming - [shutdown,486] - com.alibaba.nacos.client.naming.remote.http.NamingHttpClientProxy do shutdown stop
09:35:27.826 [SpringApplicationShutdownHook] INFO  c.a.n.c.r.client - [shutdown,429] - Shutdown rpc client, set status to shutdown
09:35:27.826 [SpringApplicationShutdownHook] INFO  c.a.n.c.r.client - [shutdown,431] - Shutdown client event executor java.util.concurrent.ScheduledThreadPoolExecutor@b5cb419[Running, pool size = 2, active threads = 2, queued tasks = 0, completed tasks = 0]
09:35:27.826 [SpringApplicationShutdownHook] INFO  c.a.n.c.r.client - [closeConnection,584] - Close current connection 1771292012880_172.17.0.1_57520
09:35:27.828 [nacos-grpc-client-executor-localhost-36] INFO  c.a.n.c.r.c.g.GrpcClient - [printIfInfoEnabled,63] - [1771292012880_172.17.0.1_57520]Ignore complete event,isRunning:false,isAbandon=false
09:35:27.830 [SpringApplicationShutdownHook] INFO  c.a.n.c.r.c.g.GrpcClient - [shutdown,159] - Shutdown grpc executor java.util.concurrent.ThreadPoolExecutor@b1224f0[Running, pool size = 5, active threads = 0, queued tasks = 0, completed tasks = 37]
09:35:27.831 [SpringApplicationShutdownHook] INFO  c.a.n.client.naming - [shutdown,318] - Shutdown grpc redo service executor java.util.concurrent.ScheduledThreadPoolExecutor@1a8427f[Running, pool size = 1, active threads = 0, queued tasks = 1, completed tasks = 38]
09:35:27.831 [SpringApplicationShutdownHook] INFO  c.a.n.c.a.r.i.CredentialWatcher - [stop,106] - [null] CredentialWatcher is stopped
09:35:27.831 [SpringApplicationShutdownHook] INFO  c.a.n.c.a.r.i.CredentialService - [free,100] - [null] CredentialService is freed
09:35:27.832 [SpringApplicationShutdownHook] INFO  c.a.n.client.naming - [shutdown,211] - com.alibaba.nacos.client.naming.remote.NamingClientProxyDelegate do shutdown stop
09:36:01.147 [main] INFO  c.a.n.c.u.ParamUtil - [<clinit>,87] - [settings] [req-serv] nacos-server port:8848
09:36:01.147 [main] INFO  c.a.n.c.u.ParamUtil - [<clinit>,98] - [settings] [http-client] connect timeout:1000
09:36:01.149 [main] INFO  c.a.n.c.u.ParamUtil - [<clinit>,105] - PER_TASK_CONFIG_SIZE: 3000.0
09:36:01.249 [main] INFO  c.a.n.p.a.s.c.ClientAuthPluginManager - [init,56] - [ClientAuthPluginManager] Load ClientAuthService com.alibaba.nacos.client.auth.impl.NacosClientAuthServiceImpl success.
09:36:01.249 [main] INFO  c.a.n.p.a.s.c.ClientAuthPluginManager - [init,56] - [ClientAuthPluginManager] Load ClientAuthService com.alibaba.nacos.client.auth.ram.RamClientAuthServiceImpl success.
09:36:01.252 [main] INFO  c.a.n.c.a.r.i.CredentialWatcher - [loadCredential,165] - null No credential found
09:36:02.739 [main] INFO  c.a.n.c.c.i.LocalConfigInfoProcessor - [<clinit>,63] - LOCAL_SNAPSHOT_PATH:C:\Users\爸爸的computer\nacos\config
09:36:02.748 [main] INFO  c.a.n.c.r.client - [lambda$createClient$0,108] - [RpcClientFactory] create a new rpc client of d52e3681-f215-46cc-8ec2-a47f416390fb_config-0
09:36:02.787 [main] INFO  c.a.n.c.r.client - [printIfInfoEnabled,63] - [d52e3681-f215-46cc-8ec2-a47f416390fb_config-0] Register server push request handler:com.alibaba.nacos.client.config.impl.ClientWorker$ConfigRpcTransportClient$$Lambda$518/0x000001bccf2b8658
09:36:02.787 [main] INFO  c.a.n.c.r.client - [printIfInfoEnabled,63] - [d52e3681-f215-46cc-8ec2-a47f416390fb_config-0] Register server push request handler:com.alibaba.nacos.client.config.impl.ClientWorker$ConfigRpcTransportClient$$Lambda$519/0x000001bccf2b8a78
09:36:02.788 [main] INFO  c.a.n.c.r.client - [printIfInfoEnabled,63] - [d52e3681-f215-46cc-8ec2-a47f416390fb_config-0] Registry connection listener to current client:com.alibaba.nacos.client.config.impl.ClientWorker$ConfigRpcTransportClient$1
09:36:02.789 [main] INFO  c.a.n.c.r.client - [printIfInfoEnabled,63] - [d52e3681-f215-46cc-8ec2-a47f416390fb_config-0] RpcClient init, ServerListFactory = com.alibaba.nacos.client.config.impl.ClientWorker$ConfigRpcTransportClient$2
09:36:02.797 [main] INFO  c.a.n.c.r.client - [printIfInfoEnabled,63] - [d52e3681-f215-46cc-8ec2-a47f416390fb_config-0] Try to connect to server on start up, server: {serverIp = 'localhost', server main port = 8848}
09:36:02.827 [main] INFO  c.a.n.c.r.c.g.GrpcClient - [createNewManagedChannel,182] - grpc client connection server:localhost ip,serverPort:9848,grpcTslConfig:{"sslProvider":"OPENSSL","enableTls":false,"mutualAuthEnable":false,"trustAll":false}
09:36:03.845 [main] INFO  c.a.n.c.r.client - [printIfInfoEnabled,63] - [d52e3681-f215-46cc-8ec2-a47f416390fb_config-0] Success to connect to server [localhost:8848] on start up, connectionId = 1771292163659_172.17.0.1_49426
09:36:03.845 [com.alibaba.nacos.client.remote.worker] INFO  c.a.n.c.r.client - [printIfInfoEnabled,63] - [d52e3681-f215-46cc-8ec2-a47f416390fb_config-0] Notify connected event to listeners.
09:36:03.845 [main] INFO  c.a.n.c.r.client - [printIfInfoEnabled,63] - [d52e3681-f215-46cc-8ec2-a47f416390fb_config-0] Register server push request handler:com.alibaba.nacos.common.remote.client.RpcClient$ConnectResetRequestHandler
09:36:03.845 [com.alibaba.nacos.client.remote.worker] INFO  c.a.n.c.c.i.ClientWorker - [onConnected,639] - [d52e3681-f215-46cc-8ec2-a47f416390fb_config-0] Connected,notify listen context...
09:36:03.846 [main] INFO  c.a.n.c.r.client - [printIfInfoEnabled,63] - [d52e3681-f215-46cc-8ec2-a47f416390fb_config-0] Register server push request handler:com.alibaba.nacos.common.remote.client.RpcClient$$Lambda$542/0x000001bccf427660
09:36:03.871 [main] INFO  c.a.n.c.c.i.Limiter - [<clinit>,62] - limitTime:5.0
09:36:03.896 [main] INFO  c.a.n.c.c.u.JvmUtil - [<clinit>,54] - isMultiInstance:false
09:36:03.900 [main] INFO  o.s.c.b.c.PropertySourceBootstrapConfiguration - [initialize,108] - Located property source: [BootstrapPropertySource {name='bootstrapProperties-oj-system-local.yaml,DEFAULT_GROUP'}, BootstrapPropertySource {name='bootstrapProperties-oj-system.yaml,DEFAULT_GROUP'}, BootstrapPropertySource {name='bootstrapProperties-oj-system,DEFAULT_GROUP'}]
09:36:03.905 [main] INFO  c.o.s.OjSystemApplication - [logStartupProfileInfo,636] - The following 1 profile is active: "local"
09:36:04.676 [main] INFO  o.s.c.c.s.GenericScope - [setSerializationId,282] - BeanFactory id=4440dfa8-f5ef-3b1f-bdb6-e4e2e6b115a7
09:36:05.216 [main] INFO  o.s.b.w.e.t.TomcatWebServer - [initialize,108] - Tomcat initialized with port(s): 9202 (http)
09:36:05.218 [main] INFO  o.a.c.c.AprLifecycleListener - [log,173] - An older version [1.2.39] of the Apache Tomcat Native library is installed, while Tomcat recommends a minimum version of [2.0.1]
09:36:05.219 [main] INFO  o.a.c.c.AprLifecycleListener - [log,173] - Loaded Apache Tomcat Native library [1.2.39] using APR version [1.7.4].
09:36:05.223 [main] INFO  o.a.c.c.AprLifecycleListener - [log,173] - OpenSSL successfully initialized [OpenSSL 3.0.11 19 Sep 2023]
09:36:05.232 [main] INFO  o.a.c.h.Http11NioProtocol - [log,173] - Initializing ProtocolHandler ["http-nio-9202"]
09:36:05.233 [main] INFO  o.a.c.c.StandardService - [log,173] - Starting service [Tomcat]
09:36:05.233 [main] INFO  o.a.c.c.StandardEngine - [log,173] - Starting Servlet engine: [Apache Tomcat/10.1.4]
09:36:05.359 [main] INFO  o.a.c.c.C.[.[.[/] - [log,173] - Initializing Spring embedded WebApplicationContext
09:36:05.360 [main] INFO  o.s.b.w.s.c.ServletWebServerApplicationContext - [prepareWebApplicationContext,291] - Root WebApplicationContext: initialization completed in 1444 ms
09:36:08.438 [main] INFO  o.s.c.c.u.InetUtils - [convertAddress,170] - Cannot determine local hostname
09:36:10.356 [main] INFO  o.s.c.c.u.InetUtils - [convertAddress,170] - Cannot determine local hostname
09:36:10.371 [main] INFO  o.a.c.h.Http11NioProtocol - [log,173] - Starting ProtocolHandler ["http-nio-9202"]
09:36:10.393 [main] INFO  o.s.b.w.e.t.TomcatWebServer - [start,220] - Tomcat started on port(s): 9202 (http) with context path ''
09:36:10.403 [main] INFO  c.a.n.client.naming - [initNamespaceForNaming,62] - initializer namespace from ans.namespace attribute : null
09:36:10.404 [main] INFO  c.a.n.client.naming - [lambda$initNamespaceForNaming$0,66] - initializer namespace from ALIBABA_ALIWARE_NAMESPACE attribute :null
09:36:10.405 [main] INFO  c.a.n.client.naming - [lambda$initNamespaceForNaming$1,73] - initializer namespace from namespace attribute :null
09:36:10.416 [main] INFO  c.a.n.p.a.s.c.ClientAuthPluginManager - [init,56] - [ClientAuthPluginManager] Load ClientAuthService com.alibaba.nacos.client.auth.impl.NacosClientAuthServiceImpl success.
09:36:10.417 [main] INFO  c.a.n.p.a.s.c.ClientAuthPluginManager - [init,56] - [ClientAuthPluginManager] Load ClientAuthService com.alibaba.nacos.client.auth.ram.RamClientAuthServiceImpl success.
09:36:10.422 [main] INFO  c.a.n.c.r.client - [lambda$createClient$0,108] - [RpcClientFactory] create a new rpc client of 827bd79d-b934-402e-809f-ad3dbeb9ad0e
09:36:10.423 [main] INFO  c.a.n.c.r.client - [printIfInfoEnabled,63] - [827bd79d-b934-402e-809f-ad3dbeb9ad0e] RpcClient init, ServerListFactory = com.alibaba.nacos.client.naming.core.ServerListManager
09:36:10.423 [main] INFO  c.a.n.c.r.client - [printIfInfoEnabled,63] - [827bd79d-b934-402e-809f-ad3dbeb9ad0e] Registry connection listener to current client:com.alibaba.nacos.client.naming.remote.gprc.redo.NamingGrpcRedoService
09:36:10.424 [main] INFO  c.a.n.c.r.client - [printIfInfoEnabled,63] - [827bd79d-b934-402e-809f-ad3dbeb9ad0e] Register server push request handler:com.alibaba.nacos.client.naming.remote.gprc.NamingPushRequestHandler
09:36:10.424 [main] INFO  c.a.n.c.r.client - [printIfInfoEnabled,63] - [827bd79d-b934-402e-809f-ad3dbeb9ad0e] Try to connect to server on start up, server: {serverIp = 'localhost', server main port = 8848}
09:36:10.425 [main] INFO  c.a.n.c.r.c.g.GrpcClient - [createNewManagedChannel,182] - grpc client connection server:localhost ip,serverPort:9848,grpcTslConfig:{"sslProvider":"OPENSSL","enableTls":false,"mutualAuthEnable":false,"trustAll":false}
09:36:10.540 [main] INFO  c.a.n.c.r.client - [printIfInfoEnabled,63] - [827bd79d-b934-402e-809f-ad3dbeb9ad0e] Success to connect to server [localhost:8848] on start up, connectionId = 1771292170429_172.17.0.1_49428
09:36:10.540 [main] INFO  c.a.n.c.r.client - [printIfInfoEnabled,63] - [827bd79d-b934-402e-809f-ad3dbeb9ad0e] Register server push request handler:com.alibaba.nacos.common.remote.client.RpcClient$ConnectResetRequestHandler
09:36:10.541 [main] INFO  c.a.n.c.r.client - [printIfInfoEnabled,63] - [827bd79d-b934-402e-809f-ad3dbeb9ad0e] Register server push request handler:com.alibaba.nacos.common.remote.client.RpcClient$$Lambda$542/0x000001bccf427660
09:36:10.541 [com.alibaba.nacos.client.remote.worker] INFO  c.a.n.c.r.client - [printIfInfoEnabled,63] - [827bd79d-b934-402e-809f-ad3dbeb9ad0e] Notify connected event to listeners.
09:36:10.541 [com.alibaba.nacos.client.remote.worker] INFO  c.a.n.client.naming - [onConnected,78] - Grpc connection connect
09:36:10.542 [main] INFO  c.a.n.client.naming - [registerService,121] - [REGISTER-SERVICE] 6229ec57-34ae-49d1-b268-4c97d9d1f1e9 registering service oj-system with instance Instance{instanceId='null', ip='192.168.187.1', port=9202, weight=1.0, healthy=true, enabled=true, ephemeral=true, clusterName='DEFAULT', serviceName='null', metadata={IPv6=null, preserved.register.source=SPRING_CLOUD}}
09:36:10.551 [main] INFO  c.a.c.n.r.NacosServiceRegistry - [register,76] - nacos registry, DEFAULT_GROUP oj-system 192.168.187.1:9202 register finished
09:36:11.937 [main] INFO  o.s.c.c.u.InetUtils - [convertAddress,170] - Cannot determine local hostname
09:36:11.942 [main] INFO  c.o.s.OjSystemApplication - [logStarted,57] - Started OjSystemApplication in 12.909 seconds (process running for 13.506)
09:36:11.945 [main] INFO  c.a.n.c.c.i.CacheData - [<clinit>,67] - nacos.cache.data.init.snapshot = true 
09:36:11.947 [main] INFO  c.a.n.c.c.i.ClientWorker - [addCacheDataIfAbsent,380] - [fixed-6229ec57-34ae-49d1-b268-4c97d9d1f1e9-localhost_8848] [subscribe] oj-system-local.yaml+DEFAULT_GROUP+6229ec57-34ae-49d1-b268-4c97d9d1f1e9
09:36:11.950 [main] INFO  c.a.n.c.c.i.CacheData - [addListener,197] - [fixed-6229ec57-34ae-49d1-b268-4c97d9d1f1e9-localhost_8848] [add-listener] ok, tenant=6229ec57-34ae-49d1-b268-4c97d9d1f1e9, dataId=oj-system-local.yaml, group=DEFAULT_GROUP, cnt=1
09:36:11.951 [main] INFO  c.a.c.n.r.NacosContextRefresher - [registerNacosListener,129] - [Nacos Config] Listening config: dataId=oj-system-local.yaml, group=DEFAULT_GROUP
09:36:11.951 [main] INFO  c.a.n.c.c.i.ClientWorker - [addCacheDataIfAbsent,380] - [fixed-6229ec57-34ae-49d1-b268-4c97d9d1f1e9-localhost_8848] [subscribe] oj-system+DEFAULT_GROUP+6229ec57-34ae-49d1-b268-4c97d9d1f1e9
09:36:11.951 [main] INFO  c.a.n.c.c.i.CacheData - [addListener,197] - [fixed-6229ec57-34ae-49d1-b268-4c97d9d1f1e9-localhost_8848] [add-listener] ok, tenant=6229ec57-34ae-49d1-b268-4c97d9d1f1e9, dataId=oj-system, group=DEFAULT_GROUP, cnt=1
09:36:11.952 [main] INFO  c.a.c.n.r.NacosContextRefresher - [registerNacosListener,129] - [Nacos Config] Listening config: dataId=oj-system, group=DEFAULT_GROUP
09:36:11.953 [main] INFO  c.a.n.c.c.i.ClientWorker - [addCacheDataIfAbsent,380] - [fixed-6229ec57-34ae-49d1-b268-4c97d9d1f1e9-localhost_8848] [subscribe] oj-system.yaml+DEFAULT_GROUP+6229ec57-34ae-49d1-b268-4c97d9d1f1e9
09:36:11.953 [main] INFO  c.a.n.c.c.i.CacheData - [addListener,197] - [fixed-6229ec57-34ae-49d1-b268-4c97d9d1f1e9-localhost_8848] [add-listener] ok, tenant=6229ec57-34ae-49d1-b268-4c97d9d1f1e9, dataId=oj-system.yaml, group=DEFAULT_GROUP, cnt=1
09:36:11.953 [main] INFO  c.a.c.n.r.NacosContextRefresher - [registerNacosListener,129] - [Nacos Config] Listening config: dataId=oj-system.yaml, group=DEFAULT_GROUP
09:36:24.583 [SpringApplicationShutdownHook] INFO  c.a.c.n.r.NacosServiceRegistry - [deregister,95] - De-registering from Nacos Server now...
09:36:24.584 [SpringApplicationShutdownHook] INFO  c.a.n.client.naming - [deregisterService,217] - [DEREGISTER-SERVICE] 6229ec57-34ae-49d1-b268-4c97d9d1f1e9 deregistering service oj-system with instance: Instance{instanceId='null', ip='192.168.187.1', port=9202, weight=1.0, healthy=true, enabled=true, ephemeral=true, clusterName='DEFAULT', serviceName='null', metadata={}}
09:36:24.593 [SpringApplicationShutdownHook] INFO  c.a.c.n.r.NacosServiceRegistry - [deregister,115] - De-registration finished.
09:36:24.593 [SpringApplicationShutdownHook] INFO  c.a.n.client.naming - [shutdown,256] - com.alibaba.nacos.client.naming.cache.ServiceInfoHolder do shutdown begin
09:36:24.593 [SpringApplicationShutdownHook] INFO  c.a.n.client.naming - [shutdown,136] - com.alibaba.nacos.client.naming.backups.FailoverReactor do shutdown begin
09:36:24.594 [SpringApplicationShutdownHook] INFO  c.a.n.client.naming - [shutdown,138] - com.alibaba.nacos.client.naming.backups.FailoverReactor do shutdown stop
09:36:24.594 [SpringApplicationShutdownHook] INFO  c.a.n.client.naming - [shutdown,258] - com.alibaba.nacos.client.naming.cache.ServiceInfoHolder do shutdown stop
09:36:24.594 [SpringApplicationShutdownHook] INFO  c.a.n.client.naming - [shutdown,204] - com.alibaba.nacos.client.naming.remote.NamingClientProxyDelegate do shutdown begin
09:36:24.594 [SpringApplicationShutdownHook] INFO  c.a.n.client.naming - [shutdown,143] - com.alibaba.nacos.client.naming.core.ServiceInfoUpdateService do shutdown begin
09:36:24.594 [SpringApplicationShutdownHook] INFO  c.a.n.client.naming - [shutdown,145] - com.alibaba.nacos.client.naming.core.ServiceInfoUpdateService do shutdown stop
09:36:24.594 [SpringApplicationShutdownHook] INFO  c.a.n.client.naming - [shutdown,194] - com.alibaba.nacos.client.naming.core.ServerListManager do shutdown begin
09:36:24.594 [SpringApplicationShutdownHook] INFO  c.a.n.client.naming - [shutdown,199] - com.alibaba.nacos.client.naming.core.ServerListManager do shutdown stop
09:36:24.594 [SpringApplicationShutdownHook] INFO  c.a.n.client.naming - [shutdown,484] - com.alibaba.nacos.client.naming.remote.http.NamingHttpClientProxy do shutdown begin
09:36:24.594 [SpringApplicationShutdownHook] INFO  c.a.n.client.naming - [shutdown,486] - com.alibaba.nacos.client.naming.remote.http.NamingHttpClientProxy do shutdown stop
09:36:24.594 [SpringApplicationShutdownHook] INFO  c.a.n.c.r.client - [shutdown,429] - Shutdown rpc client, set status to shutdown
09:36:24.595 [SpringApplicationShutdownHook] INFO  c.a.n.c.r.client - [shutdown,431] - Shutdown client event executor java.util.concurrent.ScheduledThreadPoolExecutor@3f5d8e1a[Running, pool size = 2, active threads = 2, queued tasks = 0, completed tasks = 0]
09:36:24.595 [SpringApplicationShutdownHook] INFO  c.a.n.c.r.client - [closeConnection,584] - Close current connection 1771292170429_172.17.0.1_49428
09:36:24.597 [nacos-grpc-client-executor-localhost-11] INFO  c.a.n.c.r.c.g.GrpcClient - [printIfInfoEnabled,63] - [1771292170429_172.17.0.1_49428]Ignore complete event,isRunning:false,isAbandon=false
09:36:24.598 [SpringApplicationShutdownHook] INFO  c.a.n.c.r.c.g.GrpcClient - [shutdown,159] - Shutdown grpc executor java.util.concurrent.ThreadPoolExecutor@5d75cacc[Running, pool size = 5, active threads = 0, queued tasks = 0, completed tasks = 12]
09:36:24.598 [SpringApplicationShutdownHook] INFO  c.a.n.client.naming - [shutdown,318] - Shutdown grpc redo service executor java.util.concurrent.ScheduledThreadPoolExecutor@65cbb5e5[Running, pool size = 1, active threads = 0, queued tasks = 1, completed tasks = 4]
09:36:24.598 [SpringApplicationShutdownHook] INFO  c.a.n.c.a.r.i.CredentialWatcher - [stop,106] - [null] CredentialWatcher is stopped
09:36:24.599 [SpringApplicationShutdownHook] INFO  c.a.n.c.a.r.i.CredentialService - [free,100] - [null] CredentialService is freed
09:36:24.599 [SpringApplicationShutdownHook] INFO  c.a.n.client.naming - [shutdown,211] - com.alibaba.nacos.client.naming.remote.NamingClientProxyDelegate do shutdown stop
12:32:32.804 [main] INFO  c.a.n.c.u.ParamUtil - [<clinit>,87] - [settings] [req-serv] nacos-server port:8848
12:32:32.805 [main] INFO  c.a.n.c.u.ParamUtil - [<clinit>,98] - [settings] [http-client] connect timeout:1000
12:32:32.807 [main] INFO  c.a.n.c.u.ParamUtil - [<clinit>,105] - PER_TASK_CONFIG_SIZE: 3000.0
12:32:32.907 [main] INFO  c.a.n.p.a.s.c.ClientAuthPluginManager - [init,56] - [ClientAuthPluginManager] Load ClientAuthService com.alibaba.nacos.client.auth.impl.NacosClientAuthServiceImpl success.
12:32:32.907 [main] INFO  c.a.n.p.a.s.c.ClientAuthPluginManager - [init,56] - [ClientAuthPluginManager] Load ClientAuthService com.alibaba.nacos.client.auth.ram.RamClientAuthServiceImpl success.
12:32:32.910 [main] INFO  c.a.n.c.a.r.i.CredentialWatcher - [loadCredential,165] - null No credential found
12:32:34.371 [main] INFO  c.a.n.c.c.i.LocalConfigInfoProcessor - [<clinit>,63] - LOCAL_SNAPSHOT_PATH:C:\Users\爸爸的computer\nacos\config
12:32:34.374 [main] INFO  c.a.n.c.r.client - [lambda$createClient$0,108] - [RpcClientFactory] create a new rpc client of 1b892f8f-54d0-47bd-a5e6-7abc3de601e8_config-0
12:32:34.394 [main] INFO  c.a.n.c.r.client - [printIfInfoEnabled,63] - [1b892f8f-54d0-47bd-a5e6-7abc3de601e8_config-0] Register server push request handler:com.alibaba.nacos.client.config.impl.ClientWorker$ConfigRpcTransportClient$$Lambda$520/0x00000260692a8d28
12:32:34.395 [main] INFO  c.a.n.c.r.client - [printIfInfoEnabled,63] - [1b892f8f-54d0-47bd-a5e6-7abc3de601e8_config-0] Register server push request handler:com.alibaba.nacos.client.config.impl.ClientWorker$ConfigRpcTransportClient$$Lambda$521/0x00000260692a9148
12:32:34.395 [main] INFO  c.a.n.c.r.client - [printIfInfoEnabled,63] - [1b892f8f-54d0-47bd-a5e6-7abc3de601e8_config-0] Registry connection listener to current client:com.alibaba.nacos.client.config.impl.ClientWorker$ConfigRpcTransportClient$1
12:32:34.396 [main] INFO  c.a.n.c.r.client - [printIfInfoEnabled,63] - [1b892f8f-54d0-47bd-a5e6-7abc3de601e8_config-0] RpcClient init, ServerListFactory = com.alibaba.nacos.client.config.impl.ClientWorker$ConfigRpcTransportClient$2
12:32:34.401 [main] INFO  c.a.n.c.r.client - [printIfInfoEnabled,63] - [1b892f8f-54d0-47bd-a5e6-7abc3de601e8_config-0] Try to connect to server on start up, server: {serverIp = 'localhost', server main port = 8848}
12:32:34.424 [main] INFO  c.a.n.c.r.c.g.GrpcClient - [createNewManagedChannel,182] - grpc client connection server:localhost ip,serverPort:9848,grpcTslConfig:{"sslProvider":"OPENSSL","enableTls":false,"mutualAuthEnable":false,"trustAll":false}
12:32:35.454 [main] INFO  c.a.n.c.r.client - [printIfInfoEnabled,63] - [1b892f8f-54d0-47bd-a5e6-7abc3de601e8_config-0] Success to connect to server [localhost:8848] on start up, connectionId = 1771302755299_172.17.0.1_41466
12:32:35.454 [com.alibaba.nacos.client.remote.worker] INFO  c.a.n.c.r.client - [printIfInfoEnabled,63] - [1b892f8f-54d0-47bd-a5e6-7abc3de601e8_config-0] Notify connected event to listeners.
12:32:35.454 [com.alibaba.nacos.client.remote.worker] INFO  c.a.n.c.c.i.ClientWorker - [onConnected,639] - [1b892f8f-54d0-47bd-a5e6-7abc3de601e8_config-0] Connected,notify listen context...
12:32:35.454 [main] INFO  c.a.n.c.r.client - [printIfInfoEnabled,63] - [1b892f8f-54d0-47bd-a5e6-7abc3de601e8_config-0] Register server push request handler:com.alibaba.nacos.common.remote.client.RpcClient$ConnectResetRequestHandler
12:32:35.455 [main] INFO  c.a.n.c.r.client - [printIfInfoEnabled,63] - [1b892f8f-54d0-47bd-a5e6-7abc3de601e8_config-0] Register server push request handler:com.alibaba.nacos.common.remote.client.RpcClient$$Lambda$543/0x0000026069430000
12:32:35.483 [main] INFO  c.a.n.c.c.i.Limiter - [<clinit>,62] - limitTime:5.0
12:32:35.505 [main] INFO  c.a.n.c.c.u.JvmUtil - [<clinit>,54] - isMultiInstance:false
12:32:35.509 [main] INFO  o.s.c.b.c.PropertySourceBootstrapConfiguration - [initialize,108] - Located property source: [BootstrapPropertySource {name='bootstrapProperties-oj-system-local.yaml,DEFAULT_GROUP'}, BootstrapPropertySource {name='bootstrapProperties-oj-system.yaml,DEFAULT_GROUP'}, BootstrapPropertySource {name='bootstrapProperties-oj-system,DEFAULT_GROUP'}]
12:32:35.514 [main] INFO  c.o.s.OjSystemApplication - [logStartupProfileInfo,636] - The following 1 profile is active: "local"
12:32:36.118 [main] INFO  o.s.d.r.c.RepositoryConfigurationDelegate - [multipleStoresDetected,294] - Multiple Spring Data modules found, entering strict repository configuration mode
12:32:36.121 [main] INFO  o.s.d.r.c.RepositoryConfigurationDelegate - [registerRepositoriesIn,138] - Bootstrapping Spring Data Redis repositories in DEFAULT mode.
12:32:36.142 [main] INFO  o.s.d.r.c.RepositoryConfigurationDelegate - [registerRepositoriesIn,208] - Finished Spring Data repository scanning in 7 ms. Found 0 Redis repository interfaces.
12:32:36.295 [main] INFO  o.s.c.c.s.GenericScope - [setSerializationId,282] - BeanFactory id=0334b1d0-575d-3d80-a52a-25ba21ed218a
12:32:36.994 [main] INFO  o.s.b.w.e.t.TomcatWebServer - [initialize,108] - Tomcat initialized with port(s): 9202 (http)
12:32:36.996 [main] INFO  o.a.c.c.AprLifecycleListener - [log,173] - An older version [1.2.39] of the Apache Tomcat Native library is installed, while Tomcat recommends a minimum version of [2.0.1]
12:32:36.997 [main] INFO  o.a.c.c.AprLifecycleListener - [log,173] - Loaded Apache Tomcat Native library [1.2.39] using APR version [1.7.4].
12:32:37.011 [main] INFO  o.a.c.c.AprLifecycleListener - [log,173] - OpenSSL successfully initialized [OpenSSL 3.0.11 19 Sep 2023]
12:32:37.021 [main] INFO  o.a.c.h.Http11NioProtocol - [log,173] - Initializing ProtocolHandler ["http-nio-9202"]
12:32:37.022 [main] INFO  o.a.c.c.StandardService - [log,173] - Starting service [Tomcat]
12:32:37.022 [main] INFO  o.a.c.c.StandardEngine - [log,173] - Starting Servlet engine: [Apache Tomcat/10.1.4]
12:32:37.094 [main] INFO  o.a.c.c.C.[.[.[/] - [log,173] - Initializing Spring embedded WebApplicationContext
12:32:37.095 [main] INFO  o.s.b.w.s.c.ServletWebServerApplicationContext - [prepareWebApplicationContext,291] - Root WebApplicationContext: initialization completed in 1568 ms
12:32:37.618 [main] INFO  o.a.c.c.StandardService - [log,173] - Stopping service [Tomcat]
12:32:37.636 [main] INFO  o.s.b.a.l.ConditionEvaluationReportLogger - [logMessage,82] - 

Error starting ApplicationContext. To display the condition evaluation report re-run your application with 'debug' enabled.
12:33:32.307 [main] INFO  c.a.n.c.u.ParamUtil - [<clinit>,87] - [settings] [req-serv] nacos-server port:8848
12:33:32.307 [main] INFO  c.a.n.c.u.ParamUtil - [<clinit>,98] - [settings] [http-client] connect timeout:1000
12:33:32.308 [main] INFO  c.a.n.c.u.ParamUtil - [<clinit>,105] - PER_TASK_CONFIG_SIZE: 3000.0
12:33:32.405 [main] INFO  c.a.n.p.a.s.c.ClientAuthPluginManager - [init,56] - [ClientAuthPluginManager] Load ClientAuthService com.alibaba.nacos.client.auth.impl.NacosClientAuthServiceImpl success.
12:33:32.405 [main] INFO  c.a.n.p.a.s.c.ClientAuthPluginManager - [init,56] - [ClientAuthPluginManager] Load ClientAuthService com.alibaba.nacos.client.auth.ram.RamClientAuthServiceImpl success.
12:33:32.408 [main] INFO  c.a.n.c.a.r.i.CredentialWatcher - [loadCredential,165] - null No credential found
12:33:33.867 [main] INFO  c.a.n.c.c.i.LocalConfigInfoProcessor - [<clinit>,63] - LOCAL_SNAPSHOT_PATH:C:\Users\爸爸的computer\nacos\config
12:33:33.870 [main] INFO  c.a.n.c.r.client - [lambda$createClient$0,108] - [RpcClientFactory] create a new rpc client of fb33db7e-a827-4f62-863c-a877a5746ece_config-0
12:33:33.890 [main] INFO  c.a.n.c.r.client - [printIfInfoEnabled,63] - [fb33db7e-a827-4f62-863c-a877a5746ece_config-0] Register server push request handler:com.alibaba.nacos.client.config.impl.ClientWorker$ConfigRpcTransportClient$$Lambda$520/0x00000153262a8d28
12:33:33.891 [main] INFO  c.a.n.c.r.client - [printIfInfoEnabled,63] - [fb33db7e-a827-4f62-863c-a877a5746ece_config-0] Register server push request handler:com.alibaba.nacos.client.config.impl.ClientWorker$ConfigRpcTransportClient$$Lambda$521/0x00000153262a9148
12:33:33.891 [main] INFO  c.a.n.c.r.client - [printIfInfoEnabled,63] - [fb33db7e-a827-4f62-863c-a877a5746ece_config-0] Registry connection listener to current client:com.alibaba.nacos.client.config.impl.ClientWorker$ConfigRpcTransportClient$1
12:33:33.891 [main] INFO  c.a.n.c.r.client - [printIfInfoEnabled,63] - [fb33db7e-a827-4f62-863c-a877a5746ece_config-0] RpcClient init, ServerListFactory = com.alibaba.nacos.client.config.impl.ClientWorker$ConfigRpcTransportClient$2
12:33:33.898 [main] INFO  c.a.n.c.r.client - [printIfInfoEnabled,63] - [fb33db7e-a827-4f62-863c-a877a5746ece_config-0] Try to connect to server on start up, server: {serverIp = 'localhost', server main port = 8848}
12:33:33.921 [main] INFO  c.a.n.c.r.c.g.GrpcClient - [createNewManagedChannel,182] - grpc client connection server:localhost ip,serverPort:9848,grpcTslConfig:{"sslProvider":"OPENSSL","enableTls":false,"mutualAuthEnable":false,"trustAll":false}
12:33:34.885 [main] INFO  c.a.n.c.r.client - [printIfInfoEnabled,63] - [fb33db7e-a827-4f62-863c-a877a5746ece_config-0] Success to connect to server [localhost:8848] on start up, connectionId = 1771302814715_172.17.0.1_40746
12:33:34.885 [com.alibaba.nacos.client.remote.worker] INFO  c.a.n.c.r.client - [printIfInfoEnabled,63] - [fb33db7e-a827-4f62-863c-a877a5746ece_config-0] Notify connected event to listeners.
12:33:34.885 [com.alibaba.nacos.client.remote.worker] INFO  c.a.n.c.c.i.ClientWorker - [onConnected,639] - [fb33db7e-a827-4f62-863c-a877a5746ece_config-0] Connected,notify listen context...
12:33:34.885 [main] INFO  c.a.n.c.r.client - [printIfInfoEnabled,63] - [fb33db7e-a827-4f62-863c-a877a5746ece_config-0] Register server push request handler:com.alibaba.nacos.common.remote.client.RpcClient$ConnectResetRequestHandler
12:33:34.885 [main] INFO  c.a.n.c.r.client - [printIfInfoEnabled,63] - [fb33db7e-a827-4f62-863c-a877a5746ece_config-0] Register server push request handler:com.alibaba.nacos.common.remote.client.RpcClient$$Lambda$543/0x0000015326430000
12:33:34.909 [main] INFO  c.a.n.c.c.i.Limiter - [<clinit>,62] - limitTime:5.0
12:33:34.936 [main] INFO  c.a.n.c.c.u.JvmUtil - [<clinit>,54] - isMultiInstance:false
12:33:34.939 [main] INFO  o.s.c.b.c.PropertySourceBootstrapConfiguration - [initialize,108] - Located property source: [BootstrapPropertySource {name='bootstrapProperties-oj-system-local.yaml,DEFAULT_GROUP'}, BootstrapPropertySource {name='bootstrapProperties-oj-system.yaml,DEFAULT_GROUP'}, BootstrapPropertySource {name='bootstrapProperties-oj-system,DEFAULT_GROUP'}]
12:33:34.944 [main] INFO  c.o.s.OjSystemApplication - [logStartupProfileInfo,636] - The following 1 profile is active: "local"
12:33:35.504 [main] INFO  o.s.d.r.c.RepositoryConfigurationDelegate - [multipleStoresDetected,294] - Multiple Spring Data modules found, entering strict repository configuration mode
12:33:35.509 [main] INFO  o.s.d.r.c.RepositoryConfigurationDelegate - [registerRepositoriesIn,138] - Bootstrapping Spring Data Redis repositories in DEFAULT mode.
12:33:35.532 [main] INFO  o.s.d.r.c.RepositoryConfigurationDelegate - [registerRepositoriesIn,208] - Finished Spring Data repository scanning in 7 ms. Found 0 Redis repository interfaces.
12:33:35.703 [main] INFO  o.s.c.c.s.GenericScope - [setSerializationId,282] - BeanFactory id=0334b1d0-575d-3d80-a52a-25ba21ed218a
12:33:36.228 [main] INFO  o.s.b.w.e.t.TomcatWebServer - [initialize,108] - Tomcat initialized with port(s): 9202 (http)
12:33:36.229 [main] INFO  o.a.c.c.AprLifecycleListener - [log,173] - An older version [1.2.39] of the Apache Tomcat Native library is installed, while Tomcat recommends a minimum version of [2.0.1]
12:33:36.230 [main] INFO  o.a.c.c.AprLifecycleListener - [log,173] - Loaded Apache Tomcat Native library [1.2.39] using APR version [1.7.4].
12:33:36.234 [main] INFO  o.a.c.c.AprLifecycleListener - [log,173] - OpenSSL successfully initialized [OpenSSL 3.0.11 19 Sep 2023]
12:33:36.244 [main] INFO  o.a.c.h.Http11NioProtocol - [log,173] - Initializing ProtocolHandler ["http-nio-9202"]
12:33:36.244 [main] INFO  o.a.c.c.StandardService - [log,173] - Starting service [Tomcat]
12:33:36.245 [main] INFO  o.a.c.c.StandardEngine - [log,173] - Starting Servlet engine: [Apache Tomcat/10.1.4]
12:33:36.371 [main] INFO  o.a.c.c.C.[.[.[/] - [log,173] - Initializing Spring embedded WebApplicationContext
12:33:36.372 [main] INFO  o.s.b.w.s.c.ServletWebServerApplicationContext - [prepareWebApplicationContext,291] - Root WebApplicationContext: initialization completed in 1417 ms
12:33:39.150 [main] INFO  o.s.c.c.u.InetUtils - [convertAddress,170] - Cannot determine local hostname
12:33:41.409 [main] INFO  o.s.c.c.u.InetUtils - [convertAddress,170] - Cannot determine local hostname
12:33:41.421 [main] INFO  o.a.c.h.Http11NioProtocol - [log,173] - Starting ProtocolHandler ["http-nio-9202"]
12:33:41.430 [main] INFO  o.s.b.w.e.t.TomcatWebServer - [start,220] - Tomcat started on port(s): 9202 (http) with context path ''
12:33:41.436 [main] INFO  c.a.n.client.naming - [initNamespaceForNaming,62] - initializer namespace from ans.namespace attribute : null
12:33:41.436 [main] INFO  c.a.n.client.naming - [lambda$initNamespaceForNaming$0,66] - initializer namespace from ALIBABA_ALIWARE_NAMESPACE attribute :null
12:33:41.437 [main] INFO  c.a.n.client.naming - [lambda$initNamespaceForNaming$1,73] - initializer namespace from namespace attribute :null
12:33:41.444 [main] INFO  c.a.n.p.a.s.c.ClientAuthPluginManager - [init,56] - [ClientAuthPluginManager] Load ClientAuthService com.alibaba.nacos.client.auth.impl.NacosClientAuthServiceImpl success.
12:33:41.444 [main] INFO  c.a.n.p.a.s.c.ClientAuthPluginManager - [init,56] - [ClientAuthPluginManager] Load ClientAuthService com.alibaba.nacos.client.auth.ram.RamClientAuthServiceImpl success.
12:33:41.448 [main] INFO  c.a.n.c.r.client - [lambda$createClient$0,108] - [RpcClientFactory] create a new rpc client of 4d231e61-c048-4f25-a118-4b7f7cbba86f
12:33:41.449 [main] INFO  c.a.n.c.r.client - [printIfInfoEnabled,63] - [4d231e61-c048-4f25-a118-4b7f7cbba86f] RpcClient init, ServerListFactory = com.alibaba.nacos.client.naming.core.ServerListManager
12:33:41.449 [main] INFO  c.a.n.c.r.client - [printIfInfoEnabled,63] - [4d231e61-c048-4f25-a118-4b7f7cbba86f] Registry connection listener to current client:com.alibaba.nacos.client.naming.remote.gprc.redo.NamingGrpcRedoService
12:33:41.449 [main] INFO  c.a.n.c.r.client - [printIfInfoEnabled,63] - [4d231e61-c048-4f25-a118-4b7f7cbba86f] Register server push request handler:com.alibaba.nacos.client.naming.remote.gprc.NamingPushRequestHandler
12:33:41.450 [main] INFO  c.a.n.c.r.client - [printIfInfoEnabled,63] - [4d231e61-c048-4f25-a118-4b7f7cbba86f] Try to connect to server on start up, server: {serverIp = 'localhost', server main port = 8848}
12:33:41.450 [main] INFO  c.a.n.c.r.c.g.GrpcClient - [createNewManagedChannel,182] - grpc client connection server:localhost ip,serverPort:9848,grpcTslConfig:{"sslProvider":"OPENSSL","enableTls":false,"mutualAuthEnable":false,"trustAll":false}
12:33:41.564 [main] INFO  c.a.n.c.r.client - [printIfInfoEnabled,63] - [4d231e61-c048-4f25-a118-4b7f7cbba86f] Success to connect to server [localhost:8848] on start up, connectionId = 1771302821478_172.17.0.1_49632
12:33:41.564 [main] INFO  c.a.n.c.r.client - [printIfInfoEnabled,63] - [4d231e61-c048-4f25-a118-4b7f7cbba86f] Register server push request handler:com.alibaba.nacos.common.remote.client.RpcClient$ConnectResetRequestHandler
12:33:41.565 [com.alibaba.nacos.client.remote.worker] INFO  c.a.n.c.r.client - [printIfInfoEnabled,63] - [4d231e61-c048-4f25-a118-4b7f7cbba86f] Notify connected event to listeners.
12:33:41.565 [main] INFO  c.a.n.c.r.client - [printIfInfoEnabled,63] - [4d231e61-c048-4f25-a118-4b7f7cbba86f] Register server push request handler:com.alibaba.nacos.common.remote.client.RpcClient$$Lambda$543/0x0000015326430000
12:33:41.565 [com.alibaba.nacos.client.remote.worker] INFO  c.a.n.client.naming - [onConnected,78] - Grpc connection connect
12:33:41.566 [main] INFO  c.a.n.client.naming - [registerService,121] - [REGISTER-SERVICE] 6229ec57-34ae-49d1-b268-4c97d9d1f1e9 registering service oj-system with instance Instance{instanceId='null', ip='192.168.187.1', port=9202, weight=1.0, healthy=true, enabled=true, ephemeral=true, clusterName='DEFAULT', serviceName='null', metadata={IPv6=null, preserved.register.source=SPRING_CLOUD}}
12:33:41.576 [main] INFO  c.a.c.n.r.NacosServiceRegistry - [register,76] - nacos registry, DEFAULT_GROUP oj-system 192.168.187.1:9202 register finished
12:33:42.957 [main] INFO  o.s.c.c.u.InetUtils - [convertAddress,170] - Cannot determine local hostname
12:33:42.963 [main] INFO  c.o.s.OjSystemApplication - [logStarted,57] - Started OjSystemApplication in 12.631 seconds (process running for 13.149)
12:33:42.965 [main] INFO  c.a.n.c.c.i.CacheData - [<clinit>,67] - nacos.cache.data.init.snapshot = true 
12:33:42.966 [main] INFO  c.a.n.c.c.i.ClientWorker - [addCacheDataIfAbsent,380] - [fixed-6229ec57-34ae-49d1-b268-4c97d9d1f1e9-localhost_8848] [subscribe] oj-system-local.yaml+DEFAULT_GROUP+6229ec57-34ae-49d1-b268-4c97d9d1f1e9
12:33:42.972 [main] INFO  c.a.n.c.c.i.CacheData - [addListener,197] - [fixed-6229ec57-34ae-49d1-b268-4c97d9d1f1e9-localhost_8848] [add-listener] ok, tenant=6229ec57-34ae-49d1-b268-4c97d9d1f1e9, dataId=oj-system-local.yaml, group=DEFAULT_GROUP, cnt=1
12:33:42.972 [main] INFO  c.a.c.n.r.NacosContextRefresher - [registerNacosListener,129] - [Nacos Config] Listening config: dataId=oj-system-local.yaml, group=DEFAULT_GROUP
12:33:42.973 [main] INFO  c.a.n.c.c.i.ClientWorker - [addCacheDataIfAbsent,380] - [fixed-6229ec57-34ae-49d1-b268-4c97d9d1f1e9-localhost_8848] [subscribe] oj-system+DEFAULT_GROUP+6229ec57-34ae-49d1-b268-4c97d9d1f1e9
12:33:42.973 [main] INFO  c.a.n.c.c.i.CacheData - [addListener,197] - [fixed-6229ec57-34ae-49d1-b268-4c97d9d1f1e9-localhost_8848] [add-listener] ok, tenant=6229ec57-34ae-49d1-b268-4c97d9d1f1e9, dataId=oj-system, group=DEFAULT_GROUP, cnt=1
12:33:42.973 [main] INFO  c.a.c.n.r.NacosContextRefresher - [registerNacosListener,129] - [Nacos Config] Listening config: dataId=oj-system, group=DEFAULT_GROUP
12:33:42.973 [main] INFO  c.a.n.c.c.i.ClientWorker - [addCacheDataIfAbsent,380] - [fixed-6229ec57-34ae-49d1-b268-4c97d9d1f1e9-localhost_8848] [subscribe] oj-system.yaml+DEFAULT_GROUP+6229ec57-34ae-49d1-b268-4c97d9d1f1e9
12:33:42.973 [main] INFO  c.a.n.c.c.i.CacheData - [addListener,197] - [fixed-6229ec57-34ae-49d1-b268-4c97d9d1f1e9-localhost_8848] [add-listener] ok, tenant=6229ec57-34ae-49d1-b268-4c97d9d1f1e9, dataId=oj-system.yaml, group=DEFAULT_GROUP, cnt=1
12:33:42.973 [main] INFO  c.a.c.n.r.NacosContextRefresher - [registerNacosListener,129] - [Nacos Config] Listening config: dataId=oj-system.yaml, group=DEFAULT_GROUP
12:34:20.785 [http-nio-9202-exec-1] INFO  o.a.c.c.C.[.[.[/] - [log,173] - Initializing Spring DispatcherServlet 'dispatcherServlet'
12:34:20.786 [http-nio-9202-exec-1] INFO  o.s.w.s.DispatcherServlet - [initServletBean,532] - Initializing Servlet 'dispatcherServlet'
12:34:20.788 [http-nio-9202-exec-1] INFO  o.s.w.s.DispatcherServlet - [initServletBean,554] - Completed initialization in 1 ms
12:34:20.863 [http-nio-9202-exec-1] INFO  c.z.h.HikariDataSource - [getConnection,110] - HikariPool-1 - Starting...
12:34:21.182 [http-nio-9202-exec-1] INFO  c.z.h.p.HikariPool - [checkFailFast,565] - HikariPool-1 - Added connection com.mysql.cj.jdbc.ConnectionImpl@7a93f1a2
12:34:21.183 [http-nio-9202-exec-1] INFO  c.z.h.HikariDataSource - [getConnection,123] - HikariPool-1 - Start completed.
12:36:38.275 [SpringApplicationShutdownHook] INFO  c.a.c.n.r.NacosServiceRegistry - [deregister,95] - De-registering from Nacos Server now...
12:36:38.275 [SpringApplicationShutdownHook] INFO  c.a.n.client.naming - [deregisterService,217] - [DEREGISTER-SERVICE] 6229ec57-34ae-49d1-b268-4c97d9d1f1e9 deregistering service oj-system with instance: Instance{instanceId='null', ip='192.168.187.1', port=9202, weight=1.0, healthy=true, enabled=true, ephemeral=true, clusterName='DEFAULT', serviceName='null', metadata={}}
12:36:38.279 [SpringApplicationShutdownHook] INFO  c.a.c.n.r.NacosServiceRegistry - [deregister,115] - De-registration finished.
12:36:38.279 [SpringApplicationShutdownHook] INFO  c.a.n.client.naming - [shutdown,256] - com.alibaba.nacos.client.naming.cache.ServiceInfoHolder do shutdown begin
12:36:38.279 [SpringApplicationShutdownHook] INFO  c.a.n.client.naming - [shutdown,136] - com.alibaba.nacos.client.naming.backups.FailoverReactor do shutdown begin
12:36:38.279 [SpringApplicationShutdownHook] INFO  c.a.n.client.naming - [shutdown,138] - com.alibaba.nacos.client.naming.backups.FailoverReactor do shutdown stop
12:36:38.280 [SpringApplicationShutdownHook] INFO  c.a.n.client.naming - [shutdown,258] - com.alibaba.nacos.client.naming.cache.ServiceInfoHolder do shutdown stop
12:36:38.280 [SpringApplicationShutdownHook] INFO  c.a.n.client.naming - [shutdown,204] - com.alibaba.nacos.client.naming.remote.NamingClientProxyDelegate do shutdown begin
12:36:38.280 [SpringApplicationShutdownHook] INFO  c.a.n.client.naming - [shutdown,143] - com.alibaba.nacos.client.naming.core.ServiceInfoUpdateService do shutdown begin
12:36:38.280 [SpringApplicationShutdownHook] INFO  c.a.n.client.naming - [shutdown,145] - com.alibaba.nacos.client.naming.core.ServiceInfoUpdateService do shutdown stop
12:36:38.280 [SpringApplicationShutdownHook] INFO  c.a.n.client.naming - [shutdown,194] - com.alibaba.nacos.client.naming.core.ServerListManager do shutdown begin
12:36:38.280 [SpringApplicationShutdownHook] INFO  c.a.n.client.naming - [shutdown,199] - com.alibaba.nacos.client.naming.core.ServerListManager do shutdown stop
12:36:38.280 [SpringApplicationShutdownHook] INFO  c.a.n.client.naming - [shutdown,484] - com.alibaba.nacos.client.naming.remote.http.NamingHttpClientProxy do shutdown begin
12:36:38.280 [SpringApplicationShutdownHook] INFO  c.a.n.client.naming - [shutdown,486] - com.alibaba.nacos.client.naming.remote.http.NamingHttpClientProxy do shutdown stop
12:36:38.280 [SpringApplicationShutdownHook] INFO  c.a.n.c.r.client - [shutdown,429] - Shutdown rpc client, set status to shutdown
12:36:38.281 [SpringApplicationShutdownHook] INFO  c.a.n.c.r.client - [shutdown,431] - Shutdown client event executor java.util.concurrent.ScheduledThreadPoolExecutor@6be3ba6d[Running, pool size = 2, active threads = 2, queued tasks = 0, completed tasks = 0]
12:36:38.281 [SpringApplicationShutdownHook] INFO  c.a.n.c.r.client - [closeConnection,584] - Close current connection 1771302821478_172.17.0.1_49632
12:36:38.284 [SpringApplicationShutdownHook] INFO  c.a.n.c.r.c.g.GrpcClient - [shutdown,159] - Shutdown grpc executor java.util.concurrent.ThreadPoolExecutor@4796a1ab[Running, pool size = 5, active threads = 0, queued tasks = 0, completed tasks = 48]
12:36:38.284 [SpringApplicationShutdownHook] INFO  c.a.n.client.naming - [shutdown,318] - Shutdown grpc redo service executor java.util.concurrent.ScheduledThreadPoolExecutor@3e4b1bdc[Running, pool size = 1, active threads = 0, queued tasks = 1, completed tasks = 58]
12:36:38.285 [SpringApplicationShutdownHook] INFO  c.a.n.c.a.r.i.CredentialWatcher - [stop,106] - [null] CredentialWatcher is stopped
12:36:38.285 [SpringApplicationShutdownHook] INFO  c.a.n.c.a.r.i.CredentialService - [free,100] - [null] CredentialService is freed
12:36:38.285 [SpringApplicationShutdownHook] INFO  c.a.n.client.naming - [shutdown,211] - com.alibaba.nacos.client.naming.remote.NamingClientProxyDelegate do shutdown stop
12:36:38.286 [SpringApplicationShutdownHook] INFO  c.z.h.HikariDataSource - [close,350] - HikariPool-1 - Shutdown initiated...
12:36:38.290 [SpringApplicationShutdownHook] INFO  c.z.h.HikariDataSource - [close,352] - HikariPool-1 - Shutdown completed.
12:36:43.833 [main] INFO  c.a.n.c.u.ParamUtil - [<clinit>,87] - [settings] [req-serv] nacos-server port:8848
12:36:43.834 [main] INFO  c.a.n.c.u.ParamUtil - [<clinit>,98] - [settings] [http-client] connect timeout:1000
12:36:43.835 [main] INFO  c.a.n.c.u.ParamUtil - [<clinit>,105] - PER_TASK_CONFIG_SIZE: 3000.0
12:36:43.946 [main] INFO  c.a.n.p.a.s.c.ClientAuthPluginManager - [init,56] - [ClientAuthPluginManager] Load ClientAuthService com.alibaba.nacos.client.auth.impl.NacosClientAuthServiceImpl success.
12:36:43.946 [main] INFO  c.a.n.p.a.s.c.ClientAuthPluginManager - [init,56] - [ClientAuthPluginManager] Load ClientAuthService com.alibaba.nacos.client.auth.ram.RamClientAuthServiceImpl success.
12:36:43.949 [main] INFO  c.a.n.c.a.r.i.CredentialWatcher - [loadCredential,165] - null No credential found
12:36:45.445 [main] INFO  c.a.n.c.c.i.LocalConfigInfoProcessor - [<clinit>,63] - LOCAL_SNAPSHOT_PATH:C:\Users\爸爸的computer\nacos\config
12:36:45.448 [main] INFO  c.a.n.c.r.client - [lambda$createClient$0,108] - [RpcClientFactory] create a new rpc client of a255fe9c-939a-42ec-ab0d-d7485592bf17_config-0
12:36:45.467 [main] INFO  c.a.n.c.r.client - [printIfInfoEnabled,63] - [a255fe9c-939a-42ec-ab0d-d7485592bf17_config-0] Register server push request handler:com.alibaba.nacos.client.config.impl.ClientWorker$ConfigRpcTransportClient$$Lambda$520/0x00000260d32a8658
12:36:45.467 [main] INFO  c.a.n.c.r.client - [printIfInfoEnabled,63] - [a255fe9c-939a-42ec-ab0d-d7485592bf17_config-0] Register server push request handler:com.alibaba.nacos.client.config.impl.ClientWorker$ConfigRpcTransportClient$$Lambda$521/0x00000260d32a8a78
12:36:45.468 [main] INFO  c.a.n.c.r.client - [printIfInfoEnabled,63] - [a255fe9c-939a-42ec-ab0d-d7485592bf17_config-0] Registry connection listener to current client:com.alibaba.nacos.client.config.impl.ClientWorker$ConfigRpcTransportClient$1
12:36:45.468 [main] INFO  c.a.n.c.r.client - [printIfInfoEnabled,63] - [a255fe9c-939a-42ec-ab0d-d7485592bf17_config-0] RpcClient init, ServerListFactory = com.alibaba.nacos.client.config.impl.ClientWorker$ConfigRpcTransportClient$2
12:36:45.474 [main] INFO  c.a.n.c.r.client - [printIfInfoEnabled,63] - [a255fe9c-939a-42ec-ab0d-d7485592bf17_config-0] Try to connect to server on start up, server: {serverIp = 'localhost', server main port = 8848}
12:36:45.495 [main] INFO  c.a.n.c.r.c.g.GrpcClient - [createNewManagedChannel,182] - grpc client connection server:localhost ip,serverPort:9848,grpcTslConfig:{"sslProvider":"OPENSSL","enableTls":false,"mutualAuthEnable":false,"trustAll":false}
12:36:46.453 [main] INFO  c.a.n.c.r.client - [printIfInfoEnabled,63] - [a255fe9c-939a-42ec-ab0d-d7485592bf17_config-0] Success to connect to server [localhost:8848] on start up, connectionId = 1771303006286_172.17.0.1_40400
12:36:46.458 [com.alibaba.nacos.client.remote.worker] INFO  c.a.n.c.r.client - [printIfInfoEnabled,63] - [a255fe9c-939a-42ec-ab0d-d7485592bf17_config-0] Notify connected event to listeners.
12:36:46.458 [main] INFO  c.a.n.c.r.client - [printIfInfoEnabled,63] - [a255fe9c-939a-42ec-ab0d-d7485592bf17_config-0] Register server push request handler:com.alibaba.nacos.common.remote.client.RpcClient$ConnectResetRequestHandler
12:36:46.458 [com.alibaba.nacos.client.remote.worker] INFO  c.a.n.c.c.i.ClientWorker - [onConnected,639] - [a255fe9c-939a-42ec-ab0d-d7485592bf17_config-0] Connected,notify listen context...
12:36:46.458 [main] INFO  c.a.n.c.r.client - [printIfInfoEnabled,63] - [a255fe9c-939a-42ec-ab0d-d7485592bf17_config-0] Register server push request handler:com.alibaba.nacos.common.remote.client.RpcClient$$Lambda$543/0x00000260d342f950
12:36:46.482 [main] INFO  c.a.n.c.c.i.Limiter - [<clinit>,62] - limitTime:5.0
12:36:46.505 [main] INFO  c.a.n.c.c.u.JvmUtil - [<clinit>,54] - isMultiInstance:false
12:36:46.508 [main] INFO  o.s.c.b.c.PropertySourceBootstrapConfiguration - [initialize,108] - Located property source: [BootstrapPropertySource {name='bootstrapProperties-oj-system-local.yaml,DEFAULT_GROUP'}, BootstrapPropertySource {name='bootstrapProperties-oj-system.yaml,DEFAULT_GROUP'}, BootstrapPropertySource {name='bootstrapProperties-oj-system,DEFAULT_GROUP'}]
12:36:46.514 [main] INFO  c.o.s.OjSystemApplication - [logStartupProfileInfo,636] - The following 1 profile is active: "local"
12:36:47.192 [main] INFO  o.s.d.r.c.RepositoryConfigurationDelegate - [multipleStoresDetected,294] - Multiple Spring Data modules found, entering strict repository configuration mode
12:36:47.199 [main] INFO  o.s.d.r.c.RepositoryConfigurationDelegate - [registerRepositoriesIn,138] - Bootstrapping Spring Data Redis repositories in DEFAULT mode.
12:36:47.222 [main] INFO  o.s.d.r.c.RepositoryConfigurationDelegate - [registerRepositoriesIn,208] - Finished Spring Data repository scanning in 8 ms. Found 0 Redis repository interfaces.
12:36:47.411 [main] INFO  o.s.c.c.s.GenericScope - [setSerializationId,282] - BeanFactory id=0334b1d0-575d-3d80-a52a-25ba21ed218a
12:36:48.020 [main] INFO  o.s.b.w.e.t.TomcatWebServer - [initialize,108] - Tomcat initialized with port(s): 9202 (http)
12:36:48.021 [main] INFO  o.a.c.c.AprLifecycleListener - [log,173] - An older version [1.2.39] of the Apache Tomcat Native library is installed, while Tomcat recommends a minimum version of [2.0.1]
12:36:48.021 [main] INFO  o.a.c.c.AprLifecycleListener - [log,173] - Loaded Apache Tomcat Native library [1.2.39] using APR version [1.7.4].
12:36:48.024 [main] INFO  o.a.c.c.AprLifecycleListener - [log,173] - OpenSSL successfully initialized [OpenSSL 3.0.11 19 Sep 2023]
12:36:48.030 [main] INFO  o.a.c.h.Http11NioProtocol - [log,173] - Initializing ProtocolHandler ["http-nio-9202"]
12:36:48.030 [main] INFO  o.a.c.c.StandardService - [log,173] - Starting service [Tomcat]
12:36:48.030 [main] INFO  o.a.c.c.StandardEngine - [log,173] - Starting Servlet engine: [Apache Tomcat/10.1.4]
12:36:48.098 [main] INFO  o.a.c.c.C.[.[.[/] - [log,173] - Initializing Spring embedded WebApplicationContext
12:36:48.098 [main] INFO  o.s.b.w.s.c.ServletWebServerApplicationContext - [prepareWebApplicationContext,291] - Root WebApplicationContext: initialization completed in 1573 ms
12:36:48.707 [main] INFO  o.a.c.c.StandardService - [log,173] - Stopping service [Tomcat]
12:36:48.727 [main] INFO  o.s.b.a.l.ConditionEvaluationReportLogger - [logMessage,82] - 

Error starting ApplicationContext. To display the condition evaluation report re-run your application with 'debug' enabled.
12:38:44.172 [main] INFO  c.a.n.c.u.ParamUtil - [<clinit>,87] - [settings] [req-serv] nacos-server port:8848
12:38:44.173 [main] INFO  c.a.n.c.u.ParamUtil - [<clinit>,98] - [settings] [http-client] connect timeout:1000
12:38:44.174 [main] INFO  c.a.n.c.u.ParamUtil - [<clinit>,105] - PER_TASK_CONFIG_SIZE: 3000.0
12:38:44.292 [main] INFO  c.a.n.p.a.s.c.ClientAuthPluginManager - [init,56] - [ClientAuthPluginManager] Load ClientAuthService com.alibaba.nacos.client.auth.impl.NacosClientAuthServiceImpl success.
12:38:44.292 [main] INFO  c.a.n.p.a.s.c.ClientAuthPluginManager - [init,56] - [ClientAuthPluginManager] Load ClientAuthService com.alibaba.nacos.client.auth.ram.RamClientAuthServiceImpl success.
12:38:44.295 [main] INFO  c.a.n.c.a.r.i.CredentialWatcher - [loadCredential,165] - null No credential found
12:38:45.794 [main] INFO  c.a.n.c.c.i.LocalConfigInfoProcessor - [<clinit>,63] - LOCAL_SNAPSHOT_PATH:C:\Users\爸爸的computer\nacos\config
12:38:45.800 [main] INFO  c.a.n.c.r.client - [lambda$createClient$0,108] - [RpcClientFactory] create a new rpc client of 418af467-6de9-4684-97e4-3478df2a8116_config-0
12:38:45.827 [main] INFO  c.a.n.c.r.client - [printIfInfoEnabled,63] - [418af467-6de9-4684-97e4-3478df2a8116_config-0] Register server push request handler:com.alibaba.nacos.client.config.impl.ClientWorker$ConfigRpcTransportClient$$Lambda$520/0x000001f3632a9060
12:38:45.827 [main] INFO  c.a.n.c.r.client - [printIfInfoEnabled,63] - [418af467-6de9-4684-97e4-3478df2a8116_config-0] Register server push request handler:com.alibaba.nacos.client.config.impl.ClientWorker$ConfigRpcTransportClient$$Lambda$521/0x000001f3632a9480
12:38:45.828 [main] INFO  c.a.n.c.r.client - [printIfInfoEnabled,63] - [418af467-6de9-4684-97e4-3478df2a8116_config-0] Registry connection listener to current client:com.alibaba.nacos.client.config.impl.ClientWorker$ConfigRpcTransportClient$1
12:38:45.829 [main] INFO  c.a.n.c.r.client - [printIfInfoEnabled,63] - [418af467-6de9-4684-97e4-3478df2a8116_config-0] RpcClient init, ServerListFactory = com.alibaba.nacos.client.config.impl.ClientWorker$ConfigRpcTransportClient$2
12:38:45.834 [main] INFO  c.a.n.c.r.client - [printIfInfoEnabled,63] - [418af467-6de9-4684-97e4-3478df2a8116_config-0] Try to connect to server on start up, server: {serverIp = 'localhost', server main port = 8848}
12:38:45.859 [main] INFO  c.a.n.c.r.c.g.GrpcClient - [createNewManagedChannel,182] - grpc client connection server:localhost ip,serverPort:9848,grpcTslConfig:{"sslProvider":"OPENSSL","enableTls":false,"mutualAuthEnable":false,"trustAll":false}
12:38:46.819 [main] INFO  c.a.n.c.r.client - [printIfInfoEnabled,63] - [418af467-6de9-4684-97e4-3478df2a8116_config-0] Success to connect to server [localhost:8848] on start up, connectionId = 1771303126650_172.17.0.1_51444
12:38:46.820 [com.alibaba.nacos.client.remote.worker] INFO  c.a.n.c.r.client - [printIfInfoEnabled,63] - [418af467-6de9-4684-97e4-3478df2a8116_config-0] Notify connected event to listeners.
12:38:46.820 [main] INFO  c.a.n.c.r.client - [printIfInfoEnabled,63] - [418af467-6de9-4684-97e4-3478df2a8116_config-0] Register server push request handler:com.alibaba.nacos.common.remote.client.RpcClient$ConnectResetRequestHandler
12:38:46.820 [com.alibaba.nacos.client.remote.worker] INFO  c.a.n.c.c.i.ClientWorker - [onConnected,639] - [418af467-6de9-4684-97e4-3478df2a8116_config-0] Connected,notify listen context...
12:38:46.820 [main] INFO  c.a.n.c.r.client - [printIfInfoEnabled,63] - [418af467-6de9-4684-97e4-3478df2a8116_config-0] Register server push request handler:com.alibaba.nacos.common.remote.client.RpcClient$$Lambda$543/0x000001f363430440
12:38:46.846 [main] INFO  c.a.n.c.c.i.Limiter - [<clinit>,62] - limitTime:5.0
12:38:46.866 [main] INFO  c.a.n.c.c.u.JvmUtil - [<clinit>,54] - isMultiInstance:false
12:38:46.870 [main] INFO  o.s.c.b.c.PropertySourceBootstrapConfiguration - [initialize,108] - Located property source: [BootstrapPropertySource {name='bootstrapProperties-oj-system-local.yaml,DEFAULT_GROUP'}, BootstrapPropertySource {name='bootstrapProperties-oj-system.yaml,DEFAULT_GROUP'}, BootstrapPropertySource {name='bootstrapProperties-oj-system,DEFAULT_GROUP'}]
12:38:46.874 [main] INFO  c.o.s.OjSystemApplication - [logStartupProfileInfo,636] - The following 1 profile is active: "local"
12:38:47.516 [main] INFO  o.s.d.r.c.RepositoryConfigurationDelegate - [multipleStoresDetected,294] - Multiple Spring Data modules found, entering strict repository configuration mode
12:38:47.523 [main] INFO  o.s.d.r.c.RepositoryConfigurationDelegate - [registerRepositoriesIn,138] - Bootstrapping Spring Data Redis repositories in DEFAULT mode.
12:38:47.555 [main] INFO  o.s.d.r.c.RepositoryConfigurationDelegate - [registerRepositoriesIn,208] - Finished Spring Data repository scanning in 6 ms. Found 0 Redis repository interfaces.
12:38:47.751 [main] INFO  o.s.c.c.s.GenericScope - [setSerializationId,282] - BeanFactory id=0334b1d0-575d-3d80-a52a-25ba21ed218a
12:38:48.273 [main] INFO  o.s.b.w.e.t.TomcatWebServer - [initialize,108] - Tomcat initialized with port(s): 9202 (http)
12:38:48.274 [main] INFO  o.a.c.c.AprLifecycleListener - [log,173] - An older version [1.2.39] of the Apache Tomcat Native library is installed, while Tomcat recommends a minimum version of [2.0.1]
12:38:48.274 [main] INFO  o.a.c.c.AprLifecycleListener - [log,173] - Loaded Apache Tomcat Native library [1.2.39] using APR version [1.7.4].
12:38:48.278 [main] INFO  o.a.c.c.AprLifecycleListener - [log,173] - OpenSSL successfully initialized [OpenSSL 3.0.11 19 Sep 2023]
12:38:48.292 [main] INFO  o.a.c.h.Http11NioProtocol - [log,173] - Initializing ProtocolHandler ["http-nio-9202"]
12:38:48.294 [main] INFO  o.a.c.c.StandardService - [log,173] - Starting service [Tomcat]
12:38:48.294 [main] INFO  o.a.c.c.StandardEngine - [log,173] - Starting Servlet engine: [Apache Tomcat/10.1.4]
12:38:48.381 [main] INFO  o.a.c.c.C.[.[.[/] - [log,173] - Initializing Spring embedded WebApplicationContext
12:38:48.381 [main] INFO  o.s.b.w.s.c.ServletWebServerApplicationContext - [prepareWebApplicationContext,291] - Root WebApplicationContext: initialization completed in 1495 ms
12:38:48.937 [main] INFO  o.a.c.c.StandardService - [log,173] - Stopping service [Tomcat]
12:38:48.951 [main] INFO  o.s.b.a.l.ConditionEvaluationReportLogger - [logMessage,82] - 

Error starting ApplicationContext. To display the condition evaluation report re-run your application with 'debug' enabled.
12:44:41.572 [main] INFO  c.a.n.c.u.ParamUtil - [<clinit>,87] - [settings] [req-serv] nacos-server port:8848
12:44:41.573 [main] INFO  c.a.n.c.u.ParamUtil - [<clinit>,98] - [settings] [http-client] connect timeout:1000
12:44:41.574 [main] INFO  c.a.n.c.u.ParamUtil - [<clinit>,105] - PER_TASK_CONFIG_SIZE: 3000.0
12:44:41.674 [main] INFO  c.a.n.p.a.s.c.ClientAuthPluginManager - [init,56] - [ClientAuthPluginManager] Load ClientAuthService com.alibaba.nacos.client.auth.impl.NacosClientAuthServiceImpl success.
12:44:41.674 [main] INFO  c.a.n.p.a.s.c.ClientAuthPluginManager - [init,56] - [ClientAuthPluginManager] Load ClientAuthService com.alibaba.nacos.client.auth.ram.RamClientAuthServiceImpl success.
12:44:41.676 [main] INFO  c.a.n.c.a.r.i.CredentialWatcher - [loadCredential,165] - null No credential found
12:44:43.126 [main] INFO  c.a.n.c.c.i.LocalConfigInfoProcessor - [<clinit>,63] - LOCAL_SNAPSHOT_PATH:C:\Users\爸爸的computer\nacos\config
12:44:43.129 [main] INFO  c.a.n.c.r.client - [lambda$createClient$0,108] - [RpcClientFactory] create a new rpc client of 929aed41-90a2-48b6-bfc2-e24e0f9e8d7d_config-0
12:44:43.150 [main] INFO  c.a.n.c.r.client - [printIfInfoEnabled,63] - [929aed41-90a2-48b6-bfc2-e24e0f9e8d7d_config-0] Register server push request handler:com.alibaba.nacos.client.config.impl.ClientWorker$ConfigRpcTransportClient$$Lambda$520/0x000002380b2a9060
12:44:43.150 [main] INFO  c.a.n.c.r.client - [printIfInfoEnabled,63] - [929aed41-90a2-48b6-bfc2-e24e0f9e8d7d_config-0] Register server push request handler:com.alibaba.nacos.client.config.impl.ClientWorker$ConfigRpcTransportClient$$Lambda$521/0x000002380b2a9480
12:44:43.151 [main] INFO  c.a.n.c.r.client - [printIfInfoEnabled,63] - [929aed41-90a2-48b6-bfc2-e24e0f9e8d7d_config-0] Registry connection listener to current client:com.alibaba.nacos.client.config.impl.ClientWorker$ConfigRpcTransportClient$1
12:44:43.151 [main] INFO  c.a.n.c.r.client - [printIfInfoEnabled,63] - [929aed41-90a2-48b6-bfc2-e24e0f9e8d7d_config-0] RpcClient init, ServerListFactory = com.alibaba.nacos.client.config.impl.ClientWorker$ConfigRpcTransportClient$2
12:44:43.157 [main] INFO  c.a.n.c.r.client - [printIfInfoEnabled,63] - [929aed41-90a2-48b6-bfc2-e24e0f9e8d7d_config-0] Try to connect to server on start up, server: {serverIp = 'localhost', server main port = 8848}
12:44:43.181 [main] INFO  c.a.n.c.r.c.g.GrpcClient - [createNewManagedChannel,182] - grpc client connection server:localhost ip,serverPort:9848,grpcTslConfig:{"sslProvider":"OPENSSL","enableTls":false,"mutualAuthEnable":false,"trustAll":false}
12:44:44.147 [main] INFO  c.a.n.c.r.client - [printIfInfoEnabled,63] - [929aed41-90a2-48b6-bfc2-e24e0f9e8d7d_config-0] Success to connect to server [localhost:8848] on start up, connectionId = 1771303483993_172.17.0.1_52132
12:44:44.147 [com.alibaba.nacos.client.remote.worker] INFO  c.a.n.c.r.client - [printIfInfoEnabled,63] - [929aed41-90a2-48b6-bfc2-e24e0f9e8d7d_config-0] Notify connected event to listeners.
12:44:44.147 [com.alibaba.nacos.client.remote.worker] INFO  c.a.n.c.c.i.ClientWorker - [onConnected,639] - [929aed41-90a2-48b6-bfc2-e24e0f9e8d7d_config-0] Connected,notify listen context...
12:44:44.147 [main] INFO  c.a.n.c.r.client - [printIfInfoEnabled,63] - [929aed41-90a2-48b6-bfc2-e24e0f9e8d7d_config-0] Register server push request handler:com.alibaba.nacos.common.remote.client.RpcClient$ConnectResetRequestHandler
12:44:44.147 [main] INFO  c.a.n.c.r.client - [printIfInfoEnabled,63] - [929aed41-90a2-48b6-bfc2-e24e0f9e8d7d_config-0] Register server push request handler:com.alibaba.nacos.common.remote.client.RpcClient$$Lambda$543/0x000002380b430440
12:44:44.171 [main] INFO  c.a.n.c.c.i.Limiter - [<clinit>,62] - limitTime:5.0
12:44:44.194 [main] INFO  c.a.n.c.c.u.JvmUtil - [<clinit>,54] - isMultiInstance:false
12:44:44.198 [main] INFO  o.s.c.b.c.PropertySourceBootstrapConfiguration - [initialize,108] - Located property source: [BootstrapPropertySource {name='bootstrapProperties-oj-system-local.yaml,DEFAULT_GROUP'}, BootstrapPropertySource {name='bootstrapProperties-oj-system.yaml,DEFAULT_GROUP'}, BootstrapPropertySource {name='bootstrapProperties-oj-system,DEFAULT_GROUP'}]
12:44:44.202 [main] INFO  c.o.s.OjSystemApplication - [logStartupProfileInfo,636] - The following 1 profile is active: "local"
12:44:44.763 [main] INFO  o.s.d.r.c.RepositoryConfigurationDelegate - [multipleStoresDetected,294] - Multiple Spring Data modules found, entering strict repository configuration mode
12:44:44.770 [main] INFO  o.s.d.r.c.RepositoryConfigurationDelegate - [registerRepositoriesIn,138] - Bootstrapping Spring Data Redis repositories in DEFAULT mode.
12:44:44.797 [main] INFO  o.s.d.r.c.RepositoryConfigurationDelegate - [registerRepositoriesIn,208] - Finished Spring Data repository scanning in 7 ms. Found 0 Redis repository interfaces.
12:44:45.002 [main] INFO  o.s.c.c.s.GenericScope - [setSerializationId,282] - BeanFactory id=0334b1d0-575d-3d80-a52a-25ba21ed218a
12:44:45.502 [main] INFO  o.s.b.w.e.t.TomcatWebServer - [initialize,108] - Tomcat initialized with port(s): 9202 (http)
12:44:45.503 [main] INFO  o.a.c.c.AprLifecycleListener - [log,173] - An older version [1.2.39] of the Apache Tomcat Native library is installed, while Tomcat recommends a minimum version of [2.0.1]
12:44:45.503 [main] INFO  o.a.c.c.AprLifecycleListener - [log,173] - Loaded Apache Tomcat Native library [1.2.39] using APR version [1.7.4].
12:44:45.508 [main] INFO  o.a.c.c.AprLifecycleListener - [log,173] - OpenSSL successfully initialized [OpenSSL 3.0.11 19 Sep 2023]
12:44:45.525 [main] INFO  o.a.c.h.Http11NioProtocol - [log,173] - Initializing ProtocolHandler ["http-nio-9202"]
12:44:45.527 [main] INFO  o.a.c.c.StandardService - [log,173] - Starting service [Tomcat]
12:44:45.527 [main] INFO  o.a.c.c.StandardEngine - [log,173] - Starting Servlet engine: [Apache Tomcat/10.1.4]
12:44:45.659 [main] INFO  o.a.c.c.C.[.[.[/] - [log,173] - Initializing Spring embedded WebApplicationContext
12:44:45.659 [main] INFO  o.s.b.w.s.c.ServletWebServerApplicationContext - [prepareWebApplicationContext,291] - Root WebApplicationContext: initialization completed in 1447 ms
12:44:46.231 [main] INFO  o.a.c.c.StandardService - [log,173] - Stopping service [Tomcat]
12:44:46.251 [main] INFO  o.s.b.a.l.ConditionEvaluationReportLogger - [logMessage,82] - 

Error starting ApplicationContext. To display the condition evaluation report re-run your application with 'debug' enabled.
12:53:27.677 [main] INFO  c.a.n.c.u.ParamUtil - [<clinit>,87] - [settings] [req-serv] nacos-server port:8848
12:53:27.677 [main] INFO  c.a.n.c.u.ParamUtil - [<clinit>,98] - [settings] [http-client] connect timeout:1000
12:53:27.679 [main] INFO  c.a.n.c.u.ParamUtil - [<clinit>,105] - PER_TASK_CONFIG_SIZE: 3000.0
12:53:27.780 [main] INFO  c.a.n.p.a.s.c.ClientAuthPluginManager - [init,56] - [ClientAuthPluginManager] Load ClientAuthService com.alibaba.nacos.client.auth.impl.NacosClientAuthServiceImpl success.
12:53:27.780 [main] INFO  c.a.n.p.a.s.c.ClientAuthPluginManager - [init,56] - [ClientAuthPluginManager] Load ClientAuthService com.alibaba.nacos.client.auth.ram.RamClientAuthServiceImpl success.
12:53:27.782 [main] INFO  c.a.n.c.a.r.i.CredentialWatcher - [loadCredential,165] - null No credential found
12:53:29.245 [main] INFO  c.a.n.c.c.i.LocalConfigInfoProcessor - [<clinit>,63] - LOCAL_SNAPSHOT_PATH:C:\Users\爸爸的computer\nacos\config
12:53:29.250 [main] INFO  c.a.n.c.r.client - [lambda$createClient$0,108] - [RpcClientFactory] create a new rpc client of c0ab6d5e-49d2-4c3d-82de-a4f42f96eec8_config-0
12:53:29.270 [main] INFO  c.a.n.c.r.client - [printIfInfoEnabled,63] - [c0ab6d5e-49d2-4c3d-82de-a4f42f96eec8_config-0] Register server push request handler:com.alibaba.nacos.client.config.impl.ClientWorker$ConfigRpcTransportClient$$Lambda$520/0x0000021e812a8658
12:53:29.270 [main] INFO  c.a.n.c.r.client - [printIfInfoEnabled,63] - [c0ab6d5e-49d2-4c3d-82de-a4f42f96eec8_config-0] Register server push request handler:com.alibaba.nacos.client.config.impl.ClientWorker$ConfigRpcTransportClient$$Lambda$521/0x0000021e812a8a78
12:53:29.271 [main] INFO  c.a.n.c.r.client - [printIfInfoEnabled,63] - [c0ab6d5e-49d2-4c3d-82de-a4f42f96eec8_config-0] Registry connection listener to current client:com.alibaba.nacos.client.config.impl.ClientWorker$ConfigRpcTransportClient$1
12:53:29.271 [main] INFO  c.a.n.c.r.client - [printIfInfoEnabled,63] - [c0ab6d5e-49d2-4c3d-82de-a4f42f96eec8_config-0] RpcClient init, ServerListFactory = com.alibaba.nacos.client.config.impl.ClientWorker$ConfigRpcTransportClient$2
12:53:29.284 [main] INFO  c.a.n.c.r.client - [printIfInfoEnabled,63] - [c0ab6d5e-49d2-4c3d-82de-a4f42f96eec8_config-0] Try to connect to server on start up, server: {serverIp = 'localhost', server main port = 8848}
12:53:29.312 [main] INFO  c.a.n.c.r.c.g.GrpcClient - [createNewManagedChannel,182] - grpc client connection server:localhost ip,serverPort:9848,grpcTslConfig:{"sslProvider":"OPENSSL","enableTls":false,"mutualAuthEnable":false,"trustAll":false}
12:53:30.258 [main] INFO  c.a.n.c.r.client - [printIfInfoEnabled,63] - [c0ab6d5e-49d2-4c3d-82de-a4f42f96eec8_config-0] Success to connect to server [localhost:8848] on start up, connectionId = 1771304010081_172.17.0.1_56458
12:53:30.258 [com.alibaba.nacos.client.remote.worker] INFO  c.a.n.c.r.client - [printIfInfoEnabled,63] - [c0ab6d5e-49d2-4c3d-82de-a4f42f96eec8_config-0] Notify connected event to listeners.
12:53:30.258 [com.alibaba.nacos.client.remote.worker] INFO  c.a.n.c.c.i.ClientWorker - [onConnected,639] - [c0ab6d5e-49d2-4c3d-82de-a4f42f96eec8_config-0] Connected,notify listen context...
12:53:30.258 [main] INFO  c.a.n.c.r.client - [printIfInfoEnabled,63] - [c0ab6d5e-49d2-4c3d-82de-a4f42f96eec8_config-0] Register server push request handler:com.alibaba.nacos.common.remote.client.RpcClient$ConnectResetRequestHandler
12:53:30.258 [main] INFO  c.a.n.c.r.client - [printIfInfoEnabled,63] - [c0ab6d5e-49d2-4c3d-82de-a4f42f96eec8_config-0] Register server push request handler:com.alibaba.nacos.common.remote.client.RpcClient$$Lambda$543/0x0000021e8142f950
12:53:30.283 [main] INFO  c.a.n.c.c.i.Limiter - [<clinit>,62] - limitTime:5.0
12:53:30.373 [main] INFO  c.a.n.c.c.u.JvmUtil - [<clinit>,54] - isMultiInstance:false
12:53:30.378 [main] INFO  o.s.c.b.c.PropertySourceBootstrapConfiguration - [initialize,108] - Located property source: [BootstrapPropertySource {name='bootstrapProperties-oj-system-local.yaml,DEFAULT_GROUP'}, BootstrapPropertySource {name='bootstrapProperties-oj-system.yaml,DEFAULT_GROUP'}, BootstrapPropertySource {name='bootstrapProperties-oj-system,DEFAULT_GROUP'}]
12:53:30.382 [main] INFO  c.o.s.OjSystemApplication - [logStartupProfileInfo,636] - The following 1 profile is active: "local"
12:53:30.998 [main] INFO  o.s.d.r.c.RepositoryConfigurationDelegate - [multipleStoresDetected,294] - Multiple Spring Data modules found, entering strict repository configuration mode
12:53:31.006 [main] INFO  o.s.d.r.c.RepositoryConfigurationDelegate - [registerRepositoriesIn,138] - Bootstrapping Spring Data Redis repositories in DEFAULT mode.
12:53:31.034 [main] INFO  o.s.d.r.c.RepositoryConfigurationDelegate - [registerRepositoriesIn,208] - Finished Spring Data repository scanning in 8 ms. Found 0 Redis repository interfaces.
12:53:31.239 [main] INFO  o.s.c.c.s.GenericScope - [setSerializationId,282] - BeanFactory id=0334b1d0-575d-3d80-a52a-25ba21ed218a
12:53:31.801 [main] INFO  o.s.b.w.e.t.TomcatWebServer - [initialize,108] - Tomcat initialized with port(s): 9202 (http)
12:53:31.802 [main] INFO  o.a.c.c.AprLifecycleListener - [log,173] - An older version [1.2.39] of the Apache Tomcat Native library is installed, while Tomcat recommends a minimum version of [2.0.1]
12:53:31.803 [main] INFO  o.a.c.c.AprLifecycleListener - [log,173] - Loaded Apache Tomcat Native library [1.2.39] using APR version [1.7.4].
12:53:31.807 [main] INFO  o.a.c.c.AprLifecycleListener - [log,173] - OpenSSL successfully initialized [OpenSSL 3.0.11 19 Sep 2023]
12:53:31.830 [main] INFO  o.a.c.h.Http11NioProtocol - [log,173] - Initializing ProtocolHandler ["http-nio-9202"]
12:53:31.832 [main] INFO  o.a.c.c.StandardService - [log,173] - Starting service [Tomcat]
12:53:31.832 [main] INFO  o.a.c.c.StandardEngine - [log,173] - Starting Servlet engine: [Apache Tomcat/10.1.4]
12:53:31.945 [main] INFO  o.a.c.c.C.[.[.[/] - [log,173] - Initializing Spring embedded WebApplicationContext
12:53:31.946 [main] INFO  o.s.b.w.s.c.ServletWebServerApplicationContext - [prepareWebApplicationContext,291] - Root WebApplicationContext: initialization completed in 1550 ms
12:53:32.534 [main] INFO  o.a.c.c.StandardService - [log,173] - Stopping service [Tomcat]
12:53:32.556 [main] INFO  o.s.b.a.l.ConditionEvaluationReportLogger - [logMessage,82] - 

Error starting ApplicationContext. To display the condition evaluation report re-run your application with 'debug' enabled.
12:56:54.090 [main] INFO  c.a.n.c.u.ParamUtil - [<clinit>,87] - [settings] [req-serv] nacos-server port:8848
12:56:54.091 [main] INFO  c.a.n.c.u.ParamUtil - [<clinit>,98] - [settings] [http-client] connect timeout:1000
12:56:54.091 [main] INFO  c.a.n.c.u.ParamUtil - [<clinit>,105] - PER_TASK_CONFIG_SIZE: 3000.0
12:56:54.191 [main] INFO  c.a.n.p.a.s.c.ClientAuthPluginManager - [init,56] - [ClientAuthPluginManager] Load ClientAuthService com.alibaba.nacos.client.auth.impl.NacosClientAuthServiceImpl success.
12:56:54.191 [main] INFO  c.a.n.p.a.s.c.ClientAuthPluginManager - [init,56] - [ClientAuthPluginManager] Load ClientAuthService com.alibaba.nacos.client.auth.ram.RamClientAuthServiceImpl success.
12:56:54.194 [main] INFO  c.a.n.c.a.r.i.CredentialWatcher - [loadCredential,165] - null No credential found
12:56:55.661 [main] INFO  c.a.n.c.c.i.LocalConfigInfoProcessor - [<clinit>,63] - LOCAL_SNAPSHOT_PATH:C:\Users\爸爸的computer\nacos\config
12:56:55.666 [main] INFO  c.a.n.c.r.client - [lambda$createClient$0,108] - [RpcClientFactory] create a new rpc client of f8dc4329-6b63-4121-8336-281517baaca0_config-0
12:56:55.698 [main] INFO  c.a.n.c.r.client - [printIfInfoEnabled,63] - [f8dc4329-6b63-4121-8336-281517baaca0_config-0] Register server push request handler:com.alibaba.nacos.client.config.impl.ClientWorker$ConfigRpcTransportClient$$Lambda$520/0x0000024b3a2a97a8
12:56:55.698 [main] INFO  c.a.n.c.r.client - [printIfInfoEnabled,63] - [f8dc4329-6b63-4121-8336-281517baaca0_config-0] Register server push request handler:com.alibaba.nacos.client.config.impl.ClientWorker$ConfigRpcTransportClient$$Lambda$521/0x0000024b3a2a9bc8
12:56:55.699 [main] INFO  c.a.n.c.r.client - [printIfInfoEnabled,63] - [f8dc4329-6b63-4121-8336-281517baaca0_config-0] Registry connection listener to current client:com.alibaba.nacos.client.config.impl.ClientWorker$ConfigRpcTransportClient$1
12:56:55.699 [main] INFO  c.a.n.c.r.client - [printIfInfoEnabled,63] - [f8dc4329-6b63-4121-8336-281517baaca0_config-0] RpcClient init, ServerListFactory = com.alibaba.nacos.client.config.impl.ClientWorker$ConfigRpcTransportClient$2
12:56:55.706 [main] INFO  c.a.n.c.r.client - [printIfInfoEnabled,63] - [f8dc4329-6b63-4121-8336-281517baaca0_config-0] Try to connect to server on start up, server: {serverIp = 'localhost', server main port = 8848}
12:56:55.733 [main] INFO  c.a.n.c.r.c.g.GrpcClient - [createNewManagedChannel,182] - grpc client connection server:localhost ip,serverPort:9848,grpcTslConfig:{"sslProvider":"OPENSSL","enableTls":false,"mutualAuthEnable":false,"trustAll":false}
12:56:56.684 [main] INFO  c.a.n.c.r.client - [printIfInfoEnabled,63] - [f8dc4329-6b63-4121-8336-281517baaca0_config-0] Success to connect to server [localhost:8848] on start up, connectionId = 1771304216503_172.17.0.1_41718
12:56:56.684 [com.alibaba.nacos.client.remote.worker] INFO  c.a.n.c.r.client - [printIfInfoEnabled,63] - [f8dc4329-6b63-4121-8336-281517baaca0_config-0] Notify connected event to listeners.
12:56:56.684 [com.alibaba.nacos.client.remote.worker] INFO  c.a.n.c.c.i.ClientWorker - [onConnected,639] - [f8dc4329-6b63-4121-8336-281517baaca0_config-0] Connected,notify listen context...
12:56:56.684 [main] INFO  c.a.n.c.r.client - [printIfInfoEnabled,63] - [f8dc4329-6b63-4121-8336-281517baaca0_config-0] Register server push request handler:com.alibaba.nacos.common.remote.client.RpcClient$ConnectResetRequestHandler
12:56:56.684 [main] INFO  c.a.n.c.r.client - [printIfInfoEnabled,63] - [f8dc4329-6b63-4121-8336-281517baaca0_config-0] Register server push request handler:com.alibaba.nacos.common.remote.client.RpcClient$$Lambda$543/0x0000024b3a430890
12:56:56.708 [main] INFO  c.a.n.c.c.i.Limiter - [<clinit>,62] - limitTime:5.0
12:56:56.730 [main] INFO  c.a.n.c.c.u.JvmUtil - [<clinit>,54] - isMultiInstance:false
12:56:56.734 [main] INFO  o.s.c.b.c.PropertySourceBootstrapConfiguration - [initialize,108] - Located property source: [BootstrapPropertySource {name='bootstrapProperties-oj-system-local.yaml,DEFAULT_GROUP'}, BootstrapPropertySource {name='bootstrapProperties-oj-system.yaml,DEFAULT_GROUP'}, BootstrapPropertySource {name='bootstrapProperties-oj-system,DEFAULT_GROUP'}]
12:56:56.738 [main] INFO  c.o.s.OjSystemApplication - [logStartupProfileInfo,636] - The following 1 profile is active: "local"
12:56:57.483 [main] INFO  o.s.d.r.c.RepositoryConfigurationDelegate - [multipleStoresDetected,294] - Multiple Spring Data modules found, entering strict repository configuration mode
12:56:57.485 [main] INFO  o.s.d.r.c.RepositoryConfigurationDelegate - [registerRepositoriesIn,138] - Bootstrapping Spring Data Redis repositories in DEFAULT mode.
12:56:57.505 [main] INFO  o.s.d.r.c.RepositoryConfigurationDelegate - [registerRepositoriesIn,208] - Finished Spring Data repository scanning in 8 ms. Found 0 Redis repository interfaces.
12:56:57.739 [main] INFO  o.s.c.c.s.GenericScope - [setSerializationId,282] - BeanFactory id=0334b1d0-575d-3d80-a52a-25ba21ed218a
12:56:58.318 [main] INFO  o.s.b.w.e.t.TomcatWebServer - [initialize,108] - Tomcat initialized with port(s): 9202 (http)
12:56:58.319 [main] INFO  o.a.c.c.AprLifecycleListener - [log,173] - An older version [1.2.39] of the Apache Tomcat Native library is installed, while Tomcat recommends a minimum version of [2.0.1]
12:56:58.319 [main] INFO  o.a.c.c.AprLifecycleListener - [log,173] - Loaded Apache Tomcat Native library [1.2.39] using APR version [1.7.4].
12:56:58.323 [main] INFO  o.a.c.c.AprLifecycleListener - [log,173] - OpenSSL successfully initialized [OpenSSL 3.0.11 19 Sep 2023]
12:56:58.332 [main] INFO  o.a.c.h.Http11NioProtocol - [log,173] - Initializing ProtocolHandler ["http-nio-9202"]
12:56:58.332 [main] INFO  o.a.c.c.StandardService - [log,173] - Starting service [Tomcat]
12:56:58.332 [main] INFO  o.a.c.c.StandardEngine - [log,173] - Starting Servlet engine: [Apache Tomcat/10.1.4]
12:56:58.408 [main] INFO  o.a.c.c.C.[.[.[/] - [log,173] - Initializing Spring embedded WebApplicationContext
12:56:58.409 [main] INFO  o.s.b.w.s.c.ServletWebServerApplicationContext - [prepareWebApplicationContext,291] - Root WebApplicationContext: initialization completed in 1656 ms
12:56:58.998 [main] INFO  o.a.c.c.StandardService - [log,173] - Stopping service [Tomcat]
12:56:59.017 [main] INFO  o.s.b.a.l.ConditionEvaluationReportLogger - [logMessage,82] - 

Error starting ApplicationContext. To display the condition evaluation report re-run your application with 'debug' enabled.
13:05:35.343 [main] INFO  c.a.n.c.u.ParamUtil - [<clinit>,87] - [settings] [req-serv] nacos-server port:8848
13:05:35.343 [main] INFO  c.a.n.c.u.ParamUtil - [<clinit>,98] - [settings] [http-client] connect timeout:1000
13:05:35.344 [main] INFO  c.a.n.c.u.ParamUtil - [<clinit>,105] - PER_TASK_CONFIG_SIZE: 3000.0
13:05:35.436 [main] INFO  c.a.n.p.a.s.c.ClientAuthPluginManager - [init,56] - [ClientAuthPluginManager] Load ClientAuthService com.alibaba.nacos.client.auth.impl.NacosClientAuthServiceImpl success.
13:05:35.436 [main] INFO  c.a.n.p.a.s.c.ClientAuthPluginManager - [init,56] - [ClientAuthPluginManager] Load ClientAuthService com.alibaba.nacos.client.auth.ram.RamClientAuthServiceImpl success.
13:05:35.440 [main] INFO  c.a.n.c.a.r.i.CredentialWatcher - [loadCredential,165] - null No credential found
13:05:36.926 [main] INFO  c.a.n.c.c.i.LocalConfigInfoProcessor - [<clinit>,63] - LOCAL_SNAPSHOT_PATH:C:\Users\爸爸的computer\nacos\config
13:05:36.929 [main] INFO  c.a.n.c.r.client - [lambda$createClient$0,108] - [RpcClientFactory] create a new rpc client of 34405735-b285-4a8a-8b12-ec74809f726d_config-0
13:05:36.959 [main] INFO  c.a.n.c.r.client - [printIfInfoEnabled,63] - [34405735-b285-4a8a-8b12-ec74809f726d_config-0] Register server push request handler:com.alibaba.nacos.client.config.impl.ClientWorker$ConfigRpcTransportClient$$Lambda$520/0x000001e1d82a97a8
13:05:36.959 [main] INFO  c.a.n.c.r.client - [printIfInfoEnabled,63] - [34405735-b285-4a8a-8b12-ec74809f726d_config-0] Register server push request handler:com.alibaba.nacos.client.config.impl.ClientWorker$ConfigRpcTransportClient$$Lambda$521/0x000001e1d82a9bc8
13:05:36.960 [main] INFO  c.a.n.c.r.client - [printIfInfoEnabled,63] - [34405735-b285-4a8a-8b12-ec74809f726d_config-0] Registry connection listener to current client:com.alibaba.nacos.client.config.impl.ClientWorker$ConfigRpcTransportClient$1
13:05:36.961 [main] INFO  c.a.n.c.r.client - [printIfInfoEnabled,63] - [34405735-b285-4a8a-8b12-ec74809f726d_config-0] RpcClient init, ServerListFactory = com.alibaba.nacos.client.config.impl.ClientWorker$ConfigRpcTransportClient$2
13:05:36.978 [main] INFO  c.a.n.c.r.client - [printIfInfoEnabled,63] - [34405735-b285-4a8a-8b12-ec74809f726d_config-0] Try to connect to server on start up, server: {serverIp = 'localhost', server main port = 8848}
13:05:37.025 [main] INFO  c.a.n.c.r.c.g.GrpcClient - [createNewManagedChannel,182] - grpc client connection server:localhost ip,serverPort:9848,grpcTslConfig:{"sslProvider":"OPENSSL","enableTls":false,"mutualAuthEnable":false,"trustAll":false}
13:05:38.076 [main] INFO  c.a.n.c.r.client - [printIfInfoEnabled,63] - [34405735-b285-4a8a-8b12-ec74809f726d_config-0] Success to connect to server [localhost:8848] on start up, connectionId = 1771304737939_172.17.0.1_56732
13:05:38.077 [com.alibaba.nacos.client.remote.worker] INFO  c.a.n.c.r.client - [printIfInfoEnabled,63] - [34405735-b285-4a8a-8b12-ec74809f726d_config-0] Notify connected event to listeners.
13:05:38.077 [com.alibaba.nacos.client.remote.worker] INFO  c.a.n.c.c.i.ClientWorker - [onConnected,639] - [34405735-b285-4a8a-8b12-ec74809f726d_config-0] Connected,notify listen context...
13:05:38.077 [main] INFO  c.a.n.c.r.client - [printIfInfoEnabled,63] - [34405735-b285-4a8a-8b12-ec74809f726d_config-0] Register server push request handler:com.alibaba.nacos.common.remote.client.RpcClient$ConnectResetRequestHandler
13:05:38.078 [main] INFO  c.a.n.c.r.client - [printIfInfoEnabled,63] - [34405735-b285-4a8a-8b12-ec74809f726d_config-0] Register server push request handler:com.alibaba.nacos.common.remote.client.RpcClient$$Lambda$543/0x000001e1d8430890
13:05:38.104 [main] INFO  c.a.n.c.c.i.Limiter - [<clinit>,62] - limitTime:5.0
13:05:38.126 [main] INFO  c.a.n.c.c.u.JvmUtil - [<clinit>,54] - isMultiInstance:false
13:05:38.130 [main] INFO  o.s.c.b.c.PropertySourceBootstrapConfiguration - [initialize,108] - Located property source: [BootstrapPropertySource {name='bootstrapProperties-oj-system-local.yaml,DEFAULT_GROUP'}, BootstrapPropertySource {name='bootstrapProperties-oj-system.yaml,DEFAULT_GROUP'}, BootstrapPropertySource {name='bootstrapProperties-oj-system,DEFAULT_GROUP'}]
13:05:38.134 [main] INFO  c.o.s.OjSystemApplication - [logStartupProfileInfo,636] - The following 1 profile is active: "local"
13:05:38.787 [main] INFO  o.s.d.r.c.RepositoryConfigurationDelegate - [multipleStoresDetected,294] - Multiple Spring Data modules found, entering strict repository configuration mode
13:05:38.793 [main] INFO  o.s.d.r.c.RepositoryConfigurationDelegate - [registerRepositoriesIn,138] - Bootstrapping Spring Data Redis repositories in DEFAULT mode.
13:05:38.812 [main] INFO  o.s.d.r.c.RepositoryConfigurationDelegate - [registerRepositoriesIn,208] - Finished Spring Data repository scanning in 6 ms. Found 0 Redis repository interfaces.
13:05:39.036 [main] INFO  o.s.c.c.s.GenericScope - [setSerializationId,282] - BeanFactory id=8f7fe8d8-c230-341a-83ab-763e1bf85f55
13:05:39.559 [main] INFO  o.s.b.w.e.t.TomcatWebServer - [initialize,108] - Tomcat initialized with port(s): 9202 (http)
13:05:39.560 [main] INFO  o.a.c.c.AprLifecycleListener - [log,173] - An older version [1.2.39] of the Apache Tomcat Native library is installed, while Tomcat recommends a minimum version of [2.0.1]
13:05:39.561 [main] INFO  o.a.c.c.AprLifecycleListener - [log,173] - Loaded Apache Tomcat Native library [1.2.39] using APR version [1.7.4].
13:05:39.575 [main] INFO  o.a.c.c.AprLifecycleListener - [log,173] - OpenSSL successfully initialized [OpenSSL 3.0.11 19 Sep 2023]
13:05:39.584 [main] INFO  o.a.c.h.Http11NioProtocol - [log,173] - Initializing ProtocolHandler ["http-nio-9202"]
13:05:39.585 [main] INFO  o.a.c.c.StandardService - [log,173] - Starting service [Tomcat]
13:05:39.585 [main] INFO  o.a.c.c.StandardEngine - [log,173] - Starting Servlet engine: [Apache Tomcat/10.1.4]
13:05:39.694 [main] INFO  o.a.c.c.C.[.[.[/] - [log,173] - Initializing Spring embedded WebApplicationContext
13:05:39.696 [main] INFO  o.s.b.w.s.c.ServletWebServerApplicationContext - [prepareWebApplicationContext,291] - Root WebApplicationContext: initialization completed in 1550 ms
13:05:42.516 [main] INFO  o.s.c.c.u.InetUtils - [convertAddress,170] - Cannot determine local hostname
13:05:44.465 [main] INFO  o.s.c.c.u.InetUtils - [convertAddress,170] - Cannot determine local hostname
13:05:44.477 [main] INFO  o.a.c.h.Http11NioProtocol - [log,173] - Starting ProtocolHandler ["http-nio-9202"]
13:05:44.488 [main] INFO  o.s.b.w.e.t.TomcatWebServer - [start,220] - Tomcat started on port(s): 9202 (http) with context path ''
13:05:44.491 [main] INFO  c.a.n.client.naming - [initNamespaceForNaming,62] - initializer namespace from ans.namespace attribute : null
13:05:44.491 [main] INFO  c.a.n.client.naming - [lambda$initNamespaceForNaming$0,66] - initializer namespace from ALIBABA_ALIWARE_NAMESPACE attribute :null
13:05:44.491 [main] INFO  c.a.n.client.naming - [lambda$initNamespaceForNaming$1,73] - initializer namespace from namespace attribute :null
13:05:44.497 [main] INFO  c.a.n.p.a.s.c.ClientAuthPluginManager - [init,56] - [ClientAuthPluginManager] Load ClientAuthService com.alibaba.nacos.client.auth.impl.NacosClientAuthServiceImpl success.
13:05:44.497 [main] INFO  c.a.n.p.a.s.c.ClientAuthPluginManager - [init,56] - [ClientAuthPluginManager] Load ClientAuthService com.alibaba.nacos.client.auth.ram.RamClientAuthServiceImpl success.
13:05:44.498 [main] INFO  c.a.n.c.r.client - [lambda$createClient$0,108] - [RpcClientFactory] create a new rpc client of 66c13323-dc58-47cb-8f85-650bad657795
13:05:44.499 [main] INFO  c.a.n.c.r.client - [printIfInfoEnabled,63] - [66c13323-dc58-47cb-8f85-650bad657795] RpcClient init, ServerListFactory = com.alibaba.nacos.client.naming.core.ServerListManager
13:05:44.500 [main] INFO  c.a.n.c.r.client - [printIfInfoEnabled,63] - [66c13323-dc58-47cb-8f85-650bad657795] Registry connection listener to current client:com.alibaba.nacos.client.naming.remote.gprc.redo.NamingGrpcRedoService
13:05:44.500 [main] INFO  c.a.n.c.r.client - [printIfInfoEnabled,63] - [66c13323-dc58-47cb-8f85-650bad657795] Register server push request handler:com.alibaba.nacos.client.naming.remote.gprc.NamingPushRequestHandler
13:05:44.500 [main] INFO  c.a.n.c.r.client - [printIfInfoEnabled,63] - [66c13323-dc58-47cb-8f85-650bad657795] Try to connect to server on start up, server: {serverIp = 'localhost', server main port = 8848}
13:05:44.501 [main] INFO  c.a.n.c.r.c.g.GrpcClient - [createNewManagedChannel,182] - grpc client connection server:localhost ip,serverPort:9848,grpcTslConfig:{"sslProvider":"OPENSSL","enableTls":false,"mutualAuthEnable":false,"trustAll":false}
13:05:44.621 [main] INFO  c.a.n.c.r.client - [printIfInfoEnabled,63] - [66c13323-dc58-47cb-8f85-650bad657795] Success to connect to server [localhost:8848] on start up, connectionId = 1771304744493_172.17.0.1_48760
13:05:44.621 [main] INFO  c.a.n.c.r.client - [printIfInfoEnabled,63] - [66c13323-dc58-47cb-8f85-650bad657795] Register server push request handler:com.alibaba.nacos.common.remote.client.RpcClient$ConnectResetRequestHandler
13:05:44.621 [com.alibaba.nacos.client.remote.worker] INFO  c.a.n.c.r.client - [printIfInfoEnabled,63] - [66c13323-dc58-47cb-8f85-650bad657795] Notify connected event to listeners.
13:05:44.622 [main] INFO  c.a.n.c.r.client - [printIfInfoEnabled,63] - [66c13323-dc58-47cb-8f85-650bad657795] Register server push request handler:com.alibaba.nacos.common.remote.client.RpcClient$$Lambda$543/0x000001e1d8430890
13:05:44.622 [com.alibaba.nacos.client.remote.worker] INFO  c.a.n.client.naming - [onConnected,78] - Grpc connection connect
13:05:44.622 [main] INFO  c.a.n.client.naming - [registerService,121] - [REGISTER-SERVICE] 6229ec57-34ae-49d1-b268-4c97d9d1f1e9 registering service oj-system with instance Instance{instanceId='null', ip='192.168.187.1', port=9202, weight=1.0, healthy=true, enabled=true, ephemeral=true, clusterName='DEFAULT', serviceName='null', metadata={IPv6=null, preserved.register.source=SPRING_CLOUD}}
13:05:44.631 [main] INFO  c.a.c.n.r.NacosServiceRegistry - [register,76] - nacos registry, DEFAULT_GROUP oj-system 192.168.187.1:9202 register finished
13:05:46.023 [main] INFO  o.s.c.c.u.InetUtils - [convertAddress,170] - Cannot determine local hostname
13:05:46.028 [main] INFO  c.o.s.OjSystemApplication - [logStarted,57] - Started OjSystemApplication in 12.663 seconds (process running for 13.227)
13:05:46.032 [main] INFO  c.a.n.c.c.i.CacheData - [<clinit>,67] - nacos.cache.data.init.snapshot = true 
13:05:46.033 [main] INFO  c.a.n.c.c.i.ClientWorker - [addCacheDataIfAbsent,380] - [fixed-6229ec57-34ae-49d1-b268-4c97d9d1f1e9-localhost_8848] [subscribe] oj-system-local.yaml+DEFAULT_GROUP+6229ec57-34ae-49d1-b268-4c97d9d1f1e9
13:05:46.041 [main] INFO  c.a.n.c.c.i.CacheData - [addListener,197] - [fixed-6229ec57-34ae-49d1-b268-4c97d9d1f1e9-localhost_8848] [add-listener] ok, tenant=6229ec57-34ae-49d1-b268-4c97d9d1f1e9, dataId=oj-system-local.yaml, group=DEFAULT_GROUP, cnt=1
13:05:46.041 [main] INFO  c.a.c.n.r.NacosContextRefresher - [registerNacosListener,129] - [Nacos Config] Listening config: dataId=oj-system-local.yaml, group=DEFAULT_GROUP
13:05:46.042 [main] INFO  c.a.n.c.c.i.ClientWorker - [addCacheDataIfAbsent,380] - [fixed-6229ec57-34ae-49d1-b268-4c97d9d1f1e9-localhost_8848] [subscribe] oj-system+DEFAULT_GROUP+6229ec57-34ae-49d1-b268-4c97d9d1f1e9
13:05:46.042 [main] INFO  c.a.n.c.c.i.CacheData - [addListener,197] - [fixed-6229ec57-34ae-49d1-b268-4c97d9d1f1e9-localhost_8848] [add-listener] ok, tenant=6229ec57-34ae-49d1-b268-4c97d9d1f1e9, dataId=oj-system, group=DEFAULT_GROUP, cnt=1
13:05:46.042 [main] INFO  c.a.c.n.r.NacosContextRefresher - [registerNacosListener,129] - [Nacos Config] Listening config: dataId=oj-system, group=DEFAULT_GROUP
13:05:46.042 [main] INFO  c.a.n.c.c.i.ClientWorker - [addCacheDataIfAbsent,380] - [fixed-6229ec57-34ae-49d1-b268-4c97d9d1f1e9-localhost_8848] [subscribe] oj-system.yaml+DEFAULT_GROUP+6229ec57-34ae-49d1-b268-4c97d9d1f1e9
13:05:46.042 [main] INFO  c.a.n.c.c.i.CacheData - [addListener,197] - [fixed-6229ec57-34ae-49d1-b268-4c97d9d1f1e9-localhost_8848] [add-listener] ok, tenant=6229ec57-34ae-49d1-b268-4c97d9d1f1e9, dataId=oj-system.yaml, group=DEFAULT_GROUP, cnt=1
13:05:46.043 [main] INFO  c.a.c.n.r.NacosContextRefresher - [registerNacosListener,129] - [Nacos Config] Listening config: dataId=oj-system.yaml, group=DEFAULT_GROUP
13:05:52.485 [http-nio-9202-exec-1] INFO  o.a.c.c.C.[.[.[/] - [log,173] - Initializing Spring DispatcherServlet 'dispatcherServlet'
13:05:52.486 [http-nio-9202-exec-1] INFO  o.s.w.s.DispatcherServlet - [initServletBean,532] - Initializing Servlet 'dispatcherServlet'
13:05:52.486 [http-nio-9202-exec-1] INFO  o.s.w.s.DispatcherServlet - [initServletBean,554] - Completed initialization in 0 ms
13:08:43.018 [SpringApplicationShutdownHook] INFO  c.a.c.n.r.NacosServiceRegistry - [deregister,95] - De-registering from Nacos Server now...
13:08:43.019 [SpringApplicationShutdownHook] INFO  c.a.n.client.naming - [deregisterService,217] - [DEREGISTER-SERVICE] 6229ec57-34ae-49d1-b268-4c97d9d1f1e9 deregistering service oj-system with instance: Instance{instanceId='null', ip='192.168.187.1', port=9202, weight=1.0, healthy=true, enabled=true, ephemeral=true, clusterName='DEFAULT', serviceName='null', metadata={}}
13:08:43.026 [SpringApplicationShutdownHook] INFO  c.a.c.n.r.NacosServiceRegistry - [deregister,115] - De-registration finished.
13:08:43.026 [SpringApplicationShutdownHook] INFO  c.a.n.client.naming - [shutdown,256] - com.alibaba.nacos.client.naming.cache.ServiceInfoHolder do shutdown begin
13:08:43.026 [SpringApplicationShutdownHook] INFO  c.a.n.client.naming - [shutdown,136] - com.alibaba.nacos.client.naming.backups.FailoverReactor do shutdown begin
13:08:43.026 [SpringApplicationShutdownHook] INFO  c.a.n.client.naming - [shutdown,138] - com.alibaba.nacos.client.naming.backups.FailoverReactor do shutdown stop
13:08:43.026 [SpringApplicationShutdownHook] INFO  c.a.n.client.naming - [shutdown,258] - com.alibaba.nacos.client.naming.cache.ServiceInfoHolder do shutdown stop
13:08:43.027 [SpringApplicationShutdownHook] INFO  c.a.n.client.naming - [shutdown,204] - com.alibaba.nacos.client.naming.remote.NamingClientProxyDelegate do shutdown begin
13:08:43.027 [SpringApplicationShutdownHook] INFO  c.a.n.client.naming - [shutdown,143] - com.alibaba.nacos.client.naming.core.ServiceInfoUpdateService do shutdown begin
13:08:43.027 [SpringApplicationShutdownHook] INFO  c.a.n.client.naming - [shutdown,145] - com.alibaba.nacos.client.naming.core.ServiceInfoUpdateService do shutdown stop
13:08:43.027 [SpringApplicationShutdownHook] INFO  c.a.n.client.naming - [shutdown,194] - com.alibaba.nacos.client.naming.core.ServerListManager do shutdown begin
13:08:43.027 [SpringApplicationShutdownHook] INFO  c.a.n.client.naming - [shutdown,199] - com.alibaba.nacos.client.naming.core.ServerListManager do shutdown stop
13:08:43.027 [SpringApplicationShutdownHook] INFO  c.a.n.client.naming - [shutdown,484] - com.alibaba.nacos.client.naming.remote.http.NamingHttpClientProxy do shutdown begin
13:08:43.027 [SpringApplicationShutdownHook] INFO  c.a.n.client.naming - [shutdown,486] - com.alibaba.nacos.client.naming.remote.http.NamingHttpClientProxy do shutdown stop
13:08:43.027 [SpringApplicationShutdownHook] INFO  c.a.n.c.r.client - [shutdown,429] - Shutdown rpc client, set status to shutdown
13:08:43.027 [SpringApplicationShutdownHook] INFO  c.a.n.c.r.client - [shutdown,431] - Shutdown client event executor java.util.concurrent.ScheduledThreadPoolExecutor@59f137e3[Running, pool size = 2, active threads = 2, queued tasks = 0, completed tasks = 0]
13:08:43.027 [SpringApplicationShutdownHook] INFO  c.a.n.c.r.client - [closeConnection,584] - Close current connection 1771304744493_172.17.0.1_48760
13:08:43.030 [nacos-grpc-client-executor-localhost-46] INFO  c.a.n.c.r.c.g.GrpcClient - [printIfInfoEnabled,63] - [1771304744493_172.17.0.1_48760]Ignore complete event,isRunning:false,isAbandon=false
13:08:43.031 [SpringApplicationShutdownHook] INFO  c.a.n.c.r.c.g.GrpcClient - [shutdown,159] - Shutdown grpc executor java.util.concurrent.ThreadPoolExecutor@22c702cc[Running, pool size = 4, active threads = 0, queued tasks = 0, completed tasks = 47]
13:08:43.031 [SpringApplicationShutdownHook] INFO  c.a.n.client.naming - [shutdown,318] - Shutdown grpc redo service executor java.util.concurrent.ScheduledThreadPoolExecutor@731d3044[Running, pool size = 1, active threads = 0, queued tasks = 1, completed tasks = 59]
13:08:43.032 [SpringApplicationShutdownHook] INFO  c.a.n.c.a.r.i.CredentialWatcher - [stop,106] - [null] CredentialWatcher is stopped
13:08:43.032 [SpringApplicationShutdownHook] INFO  c.a.n.c.a.r.i.CredentialService - [free,100] - [null] CredentialService is freed
13:08:43.032 [SpringApplicationShutdownHook] INFO  c.a.n.client.naming - [shutdown,211] - com.alibaba.nacos.client.naming.remote.NamingClientProxyDelegate do shutdown stop
13:09:25.990 [main] INFO  c.a.n.c.u.ParamUtil - [<clinit>,87] - [settings] [req-serv] nacos-server port:8848
13:09:25.990 [main] INFO  c.a.n.c.u.ParamUtil - [<clinit>,98] - [settings] [http-client] connect timeout:1000
13:09:25.991 [main] INFO  c.a.n.c.u.ParamUtil - [<clinit>,105] - PER_TASK_CONFIG_SIZE: 3000.0
13:09:26.091 [main] INFO  c.a.n.p.a.s.c.ClientAuthPluginManager - [init,56] - [ClientAuthPluginManager] Load ClientAuthService com.alibaba.nacos.client.auth.impl.NacosClientAuthServiceImpl success.
13:09:26.091 [main] INFO  c.a.n.p.a.s.c.ClientAuthPluginManager - [init,56] - [ClientAuthPluginManager] Load ClientAuthService com.alibaba.nacos.client.auth.ram.RamClientAuthServiceImpl success.
13:09:26.094 [main] INFO  c.a.n.c.a.r.i.CredentialWatcher - [loadCredential,165] - null No credential found
13:09:27.555 [main] INFO  c.a.n.c.c.i.LocalConfigInfoProcessor - [<clinit>,63] - LOCAL_SNAPSHOT_PATH:C:\Users\爸爸的computer\nacos\config
13:09:27.559 [main] INFO  c.a.n.c.r.client - [lambda$createClient$0,108] - [RpcClientFactory] create a new rpc client of bee4131b-36b7-4e37-8603-085a3a7f19bd_config-0
13:09:27.585 [main] INFO  c.a.n.c.r.client - [printIfInfoEnabled,63] - [bee4131b-36b7-4e37-8603-085a3a7f19bd_config-0] Register server push request handler:com.alibaba.nacos.client.config.impl.ClientWorker$ConfigRpcTransportClient$$Lambda$520/0x00000191de2a8d28
13:09:27.585 [main] INFO  c.a.n.c.r.client - [printIfInfoEnabled,63] - [bee4131b-36b7-4e37-8603-085a3a7f19bd_config-0] Register server push request handler:com.alibaba.nacos.client.config.impl.ClientWorker$ConfigRpcTransportClient$$Lambda$521/0x00000191de2a9148
13:09:27.586 [main] INFO  c.a.n.c.r.client - [printIfInfoEnabled,63] - [bee4131b-36b7-4e37-8603-085a3a7f19bd_config-0] Registry connection listener to current client:com.alibaba.nacos.client.config.impl.ClientWorker$ConfigRpcTransportClient$1
13:09:27.587 [main] INFO  c.a.n.c.r.client - [printIfInfoEnabled,63] - [bee4131b-36b7-4e37-8603-085a3a7f19bd_config-0] RpcClient init, ServerListFactory = com.alibaba.nacos.client.config.impl.ClientWorker$ConfigRpcTransportClient$2
13:09:27.596 [main] INFO  c.a.n.c.r.client - [printIfInfoEnabled,63] - [bee4131b-36b7-4e37-8603-085a3a7f19bd_config-0] Try to connect to server on start up, server: {serverIp = 'localhost', server main port = 8848}
13:09:27.624 [main] INFO  c.a.n.c.r.c.g.GrpcClient - [createNewManagedChannel,182] - grpc client connection server:localhost ip,serverPort:9848,grpcTslConfig:{"sslProvider":"OPENSSL","enableTls":false,"mutualAuthEnable":false,"trustAll":false}
13:09:28.576 [main] INFO  c.a.n.c.r.client - [printIfInfoEnabled,63] - [bee4131b-36b7-4e37-8603-085a3a7f19bd_config-0] Success to connect to server [localhost:8848] on start up, connectionId = 1771304968421_172.17.0.1_47394
13:09:28.577 [com.alibaba.nacos.client.remote.worker] INFO  c.a.n.c.r.client - [printIfInfoEnabled,63] - [bee4131b-36b7-4e37-8603-085a3a7f19bd_config-0] Notify connected event to listeners.
13:09:28.577 [com.alibaba.nacos.client.remote.worker] INFO  c.a.n.c.c.i.ClientWorker - [onConnected,639] - [bee4131b-36b7-4e37-8603-085a3a7f19bd_config-0] Connected,notify listen context...
13:09:28.577 [main] INFO  c.a.n.c.r.client - [printIfInfoEnabled,63] - [bee4131b-36b7-4e37-8603-085a3a7f19bd_config-0] Register server push request handler:com.alibaba.nacos.common.remote.client.RpcClient$ConnectResetRequestHandler
13:09:28.577 [main] INFO  c.a.n.c.r.client - [printIfInfoEnabled,63] - [bee4131b-36b7-4e37-8603-085a3a7f19bd_config-0] Register server push request handler:com.alibaba.nacos.common.remote.client.RpcClient$$Lambda$543/0x00000191de430000
13:09:28.601 [main] INFO  c.a.n.c.c.i.Limiter - [<clinit>,62] - limitTime:5.0
13:09:28.622 [main] INFO  c.a.n.c.c.u.JvmUtil - [<clinit>,54] - isMultiInstance:false
13:09:28.626 [main] INFO  o.s.c.b.c.PropertySourceBootstrapConfiguration - [initialize,108] - Located property source: [BootstrapPropertySource {name='bootstrapProperties-oj-system-local.yaml,DEFAULT_GROUP'}, BootstrapPropertySource {name='bootstrapProperties-oj-system.yaml,DEFAULT_GROUP'}, BootstrapPropertySource {name='bootstrapProperties-oj-system,DEFAULT_GROUP'}]
13:09:28.633 [main] INFO  c.o.s.OjSystemApplication - [logStartupProfileInfo,636] - The following 1 profile is active: "local"
13:09:54.259 [main] INFO  c.a.n.c.u.ParamUtil - [<clinit>,87] - [settings] [req-serv] nacos-server port:8848
13:09:54.259 [main] INFO  c.a.n.c.u.ParamUtil - [<clinit>,98] - [settings] [http-client] connect timeout:1000
13:09:54.260 [main] INFO  c.a.n.c.u.ParamUtil - [<clinit>,105] - PER_TASK_CONFIG_SIZE: 3000.0
13:09:54.355 [main] INFO  c.a.n.p.a.s.c.ClientAuthPluginManager - [init,56] - [ClientAuthPluginManager] Load ClientAuthService com.alibaba.nacos.client.auth.impl.NacosClientAuthServiceImpl success.
13:09:54.356 [main] INFO  c.a.n.p.a.s.c.ClientAuthPluginManager - [init,56] - [ClientAuthPluginManager] Load ClientAuthService com.alibaba.nacos.client.auth.ram.RamClientAuthServiceImpl success.
13:09:54.359 [main] INFO  c.a.n.c.a.r.i.CredentialWatcher - [loadCredential,165] - null No credential found
13:09:55.828 [main] INFO  c.a.n.c.c.i.LocalConfigInfoProcessor - [<clinit>,63] - LOCAL_SNAPSHOT_PATH:C:\Users\爸爸的computer\nacos\config
13:09:55.831 [main] INFO  c.a.n.c.r.client - [lambda$createClient$0,108] - [RpcClientFactory] create a new rpc client of ba09a00d-8650-4d5c-9e37-67e48eb65c69_config-0
13:09:55.852 [main] INFO  c.a.n.c.r.client - [printIfInfoEnabled,63] - [ba09a00d-8650-4d5c-9e37-67e48eb65c69_config-0] Register server push request handler:com.alibaba.nacos.client.config.impl.ClientWorker$ConfigRpcTransportClient$$Lambda$520/0x000002cd422a8d28
13:09:55.852 [main] INFO  c.a.n.c.r.client - [printIfInfoEnabled,63] - [ba09a00d-8650-4d5c-9e37-67e48eb65c69_config-0] Register server push request handler:com.alibaba.nacos.client.config.impl.ClientWorker$ConfigRpcTransportClient$$Lambda$521/0x000002cd422a9148
13:09:55.853 [main] INFO  c.a.n.c.r.client - [printIfInfoEnabled,63] - [ba09a00d-8650-4d5c-9e37-67e48eb65c69_config-0] Registry connection listener to current client:com.alibaba.nacos.client.config.impl.ClientWorker$ConfigRpcTransportClient$1
13:09:55.854 [main] INFO  c.a.n.c.r.client - [printIfInfoEnabled,63] - [ba09a00d-8650-4d5c-9e37-67e48eb65c69_config-0] RpcClient init, ServerListFactory = com.alibaba.nacos.client.config.impl.ClientWorker$ConfigRpcTransportClient$2
13:09:55.860 [main] INFO  c.a.n.c.r.client - [printIfInfoEnabled,63] - [ba09a00d-8650-4d5c-9e37-67e48eb65c69_config-0] Try to connect to server on start up, server: {serverIp = 'localhost', server main port = 8848}
13:09:55.888 [main] INFO  c.a.n.c.r.c.g.GrpcClient - [createNewManagedChannel,182] - grpc client connection server:localhost ip,serverPort:9848,grpcTslConfig:{"sslProvider":"OPENSSL","enableTls":false,"mutualAuthEnable":false,"trustAll":false}
13:09:56.851 [main] INFO  c.a.n.c.r.client - [printIfInfoEnabled,63] - [ba09a00d-8650-4d5c-9e37-67e48eb65c69_config-0] Success to connect to server [localhost:8848] on start up, connectionId = 1771304996656_172.17.0.1_56760
13:09:56.852 [com.alibaba.nacos.client.remote.worker] INFO  c.a.n.c.r.client - [printIfInfoEnabled,63] - [ba09a00d-8650-4d5c-9e37-67e48eb65c69_config-0] Notify connected event to listeners.
13:09:56.852 [main] INFO  c.a.n.c.r.client - [printIfInfoEnabled,63] - [ba09a00d-8650-4d5c-9e37-67e48eb65c69_config-0] Register server push request handler:com.alibaba.nacos.common.remote.client.RpcClient$ConnectResetRequestHandler
13:09:56.852 [com.alibaba.nacos.client.remote.worker] INFO  c.a.n.c.c.i.ClientWorker - [onConnected,639] - [ba09a00d-8650-4d5c-9e37-67e48eb65c69_config-0] Connected,notify listen context...
13:09:56.852 [main] INFO  c.a.n.c.r.client - [printIfInfoEnabled,63] - [ba09a00d-8650-4d5c-9e37-67e48eb65c69_config-0] Register server push request handler:com.alibaba.nacos.common.remote.client.RpcClient$$Lambda$543/0x000002cd42430000
13:09:56.876 [main] INFO  c.a.n.c.c.i.Limiter - [<clinit>,62] - limitTime:5.0
13:09:56.896 [main] INFO  c.a.n.c.c.u.JvmUtil - [<clinit>,54] - isMultiInstance:false
13:09:56.900 [main] INFO  o.s.c.b.c.PropertySourceBootstrapConfiguration - [initialize,108] - Located property source: [BootstrapPropertySource {name='bootstrapProperties-oj-system-local.yaml,DEFAULT_GROUP'}, BootstrapPropertySource {name='bootstrapProperties-oj-system.yaml,DEFAULT_GROUP'}, BootstrapPropertySource {name='bootstrapProperties-oj-system,DEFAULT_GROUP'}]
13:09:56.903 [main] INFO  c.o.s.OjSystemApplication - [logStartupProfileInfo,636] - The following 1 profile is active: "local"
13:09:57.571 [main] INFO  o.s.d.r.c.RepositoryConfigurationDelegate - [multipleStoresDetected,294] - Multiple Spring Data modules found, entering strict repository configuration mode
13:09:57.577 [main] INFO  o.s.d.r.c.RepositoryConfigurationDelegate - [registerRepositoriesIn,138] - Bootstrapping Spring Data Redis repositories in DEFAULT mode.
13:09:57.601 [main] INFO  o.s.d.r.c.RepositoryConfigurationDelegate - [registerRepositoriesIn,208] - Finished Spring Data repository scanning in 6 ms. Found 0 Redis repository interfaces.
13:09:57.808 [main] INFO  o.s.c.c.s.GenericScope - [setSerializationId,282] - BeanFactory id=de8540c8-0d98-3432-847d-45ee23562bae
13:09:58.310 [main] INFO  o.s.b.w.e.t.TomcatWebServer - [initialize,108] - Tomcat initialized with port(s): 9202 (http)
13:09:58.310 [main] INFO  o.a.c.c.AprLifecycleListener - [log,173] - An older version [1.2.39] of the Apache Tomcat Native library is installed, while Tomcat recommends a minimum version of [2.0.1]
13:09:58.311 [main] INFO  o.a.c.c.AprLifecycleListener - [log,173] - Loaded Apache Tomcat Native library [1.2.39] using APR version [1.7.4].
13:09:58.315 [main] INFO  o.a.c.c.AprLifecycleListener - [log,173] - OpenSSL successfully initialized [OpenSSL 3.0.11 19 Sep 2023]
13:09:58.323 [main] INFO  o.a.c.h.Http11NioProtocol - [log,173] - Initializing ProtocolHandler ["http-nio-9202"]
13:09:58.323 [main] INFO  o.a.c.c.StandardService - [log,173] - Starting service [Tomcat]
13:09:58.324 [main] INFO  o.a.c.c.StandardEngine - [log,173] - Starting Servlet engine: [Apache Tomcat/10.1.4]
13:09:58.411 [main] INFO  o.a.c.c.C.[.[.[/] - [log,173] - Initializing Spring embedded WebApplicationContext
13:09:58.412 [main] INFO  o.s.b.w.s.c.ServletWebServerApplicationContext - [prepareWebApplicationContext,291] - Root WebApplicationContext: initialization completed in 1498 ms
13:10:01.360 [main] INFO  o.s.c.c.u.InetUtils - [convertAddress,170] - Cannot determine local hostname
13:10:03.271 [main] INFO  o.s.c.c.u.InetUtils - [convertAddress,170] - Cannot determine local hostname
13:10:03.283 [main] INFO  o.a.c.h.Http11NioProtocol - [log,173] - Starting ProtocolHandler ["http-nio-9202"]
13:10:03.291 [main] INFO  o.s.b.w.e.t.TomcatWebServer - [start,220] - Tomcat started on port(s): 9202 (http) with context path ''
13:10:03.295 [main] INFO  c.a.n.client.naming - [initNamespaceForNaming,62] - initializer namespace from ans.namespace attribute : null
13:10:03.295 [main] INFO  c.a.n.client.naming - [lambda$initNamespaceForNaming$0,66] - initializer namespace from ALIBABA_ALIWARE_NAMESPACE attribute :null
13:10:03.295 [main] INFO  c.a.n.client.naming - [lambda$initNamespaceForNaming$1,73] - initializer namespace from namespace attribute :null
13:10:03.301 [main] INFO  c.a.n.p.a.s.c.ClientAuthPluginManager - [init,56] - [ClientAuthPluginManager] Load ClientAuthService com.alibaba.nacos.client.auth.impl.NacosClientAuthServiceImpl success.
13:10:03.301 [main] INFO  c.a.n.p.a.s.c.ClientAuthPluginManager - [init,56] - [ClientAuthPluginManager] Load ClientAuthService com.alibaba.nacos.client.auth.ram.RamClientAuthServiceImpl success.
13:10:03.304 [main] INFO  c.a.n.c.r.client - [lambda$createClient$0,108] - [RpcClientFactory] create a new rpc client of bfbb7144-a0c1-4312-80b3-7e11e40299c5
13:10:03.306 [main] INFO  c.a.n.c.r.client - [printIfInfoEnabled,63] - [bfbb7144-a0c1-4312-80b3-7e11e40299c5] RpcClient init, ServerListFactory = com.alibaba.nacos.client.naming.core.ServerListManager
13:10:03.306 [main] INFO  c.a.n.c.r.client - [printIfInfoEnabled,63] - [bfbb7144-a0c1-4312-80b3-7e11e40299c5] Registry connection listener to current client:com.alibaba.nacos.client.naming.remote.gprc.redo.NamingGrpcRedoService
13:10:03.306 [main] INFO  c.a.n.c.r.client - [printIfInfoEnabled,63] - [bfbb7144-a0c1-4312-80b3-7e11e40299c5] Register server push request handler:com.alibaba.nacos.client.naming.remote.gprc.NamingPushRequestHandler
13:10:03.307 [main] INFO  c.a.n.c.r.client - [printIfInfoEnabled,63] - [bfbb7144-a0c1-4312-80b3-7e11e40299c5] Try to connect to server on start up, server: {serverIp = 'localhost', server main port = 8848}
13:10:03.307 [main] INFO  c.a.n.c.r.c.g.GrpcClient - [createNewManagedChannel,182] - grpc client connection server:localhost ip,serverPort:9848,grpcTslConfig:{"sslProvider":"OPENSSL","enableTls":false,"mutualAuthEnable":false,"trustAll":false}
13:10:03.427 [main] INFO  c.a.n.c.r.client - [printIfInfoEnabled,63] - [bfbb7144-a0c1-4312-80b3-7e11e40299c5] Success to connect to server [localhost:8848] on start up, connectionId = 1771305003311_172.17.0.1_47428
13:10:03.427 [main] INFO  c.a.n.c.r.client - [printIfInfoEnabled,63] - [bfbb7144-a0c1-4312-80b3-7e11e40299c5] Register server push request handler:com.alibaba.nacos.common.remote.client.RpcClient$ConnectResetRequestHandler
13:10:03.427 [main] INFO  c.a.n.c.r.client - [printIfInfoEnabled,63] - [bfbb7144-a0c1-4312-80b3-7e11e40299c5] Register server push request handler:com.alibaba.nacos.common.remote.client.RpcClient$$Lambda$543/0x000002cd42430000
13:10:03.427 [com.alibaba.nacos.client.remote.worker] INFO  c.a.n.c.r.client - [printIfInfoEnabled,63] - [bfbb7144-a0c1-4312-80b3-7e11e40299c5] Notify connected event to listeners.
13:10:03.427 [com.alibaba.nacos.client.remote.worker] INFO  c.a.n.client.naming - [onConnected,78] - Grpc connection connect
13:10:03.428 [main] INFO  c.a.n.client.naming - [registerService,121] - [REGISTER-SERVICE] 6229ec57-34ae-49d1-b268-4c97d9d1f1e9 registering service oj-system with instance Instance{instanceId='null', ip='192.168.187.1', port=9202, weight=1.0, healthy=true, enabled=true, ephemeral=true, clusterName='DEFAULT', serviceName='null', metadata={IPv6=null, preserved.register.source=SPRING_CLOUD}}
13:10:03.437 [main] INFO  c.a.c.n.r.NacosServiceRegistry - [register,76] - nacos registry, DEFAULT_GROUP oj-system 192.168.187.1:9202 register finished
13:10:04.839 [main] INFO  o.s.c.c.u.InetUtils - [convertAddress,170] - Cannot determine local hostname
13:10:04.847 [main] INFO  c.o.s.OjSystemApplication - [logStarted,57] - Started OjSystemApplication in 12.532 seconds (process running for 13.08)
13:10:04.849 [main] INFO  c.a.n.c.c.i.CacheData - [<clinit>,67] - nacos.cache.data.init.snapshot = true 
13:10:04.851 [main] INFO  c.a.n.c.c.i.ClientWorker - [addCacheDataIfAbsent,380] - [fixed-6229ec57-34ae-49d1-b268-4c97d9d1f1e9-localhost_8848] [subscribe] oj-system-local.yaml+DEFAULT_GROUP+6229ec57-34ae-49d1-b268-4c97d9d1f1e9
13:10:04.857 [main] INFO  c.a.n.c.c.i.CacheData - [addListener,197] - [fixed-6229ec57-34ae-49d1-b268-4c97d9d1f1e9-localhost_8848] [add-listener] ok, tenant=6229ec57-34ae-49d1-b268-4c97d9d1f1e9, dataId=oj-system-local.yaml, group=DEFAULT_GROUP, cnt=1
13:10:04.857 [main] INFO  c.a.c.n.r.NacosContextRefresher - [registerNacosListener,129] - [Nacos Config] Listening config: dataId=oj-system-local.yaml, group=DEFAULT_GROUP
13:10:04.857 [main] INFO  c.a.n.c.c.i.ClientWorker - [addCacheDataIfAbsent,380] - [fixed-6229ec57-34ae-49d1-b268-4c97d9d1f1e9-localhost_8848] [subscribe] oj-system+DEFAULT_GROUP+6229ec57-34ae-49d1-b268-4c97d9d1f1e9
13:10:04.858 [main] INFO  c.a.n.c.c.i.CacheData - [addListener,197] - [fixed-6229ec57-34ae-49d1-b268-4c97d9d1f1e9-localhost_8848] [add-listener] ok, tenant=6229ec57-34ae-49d1-b268-4c97d9d1f1e9, dataId=oj-system, group=DEFAULT_GROUP, cnt=1
13:10:04.858 [main] INFO  c.a.c.n.r.NacosContextRefresher - [registerNacosListener,129] - [Nacos Config] Listening config: dataId=oj-system, group=DEFAULT_GROUP
13:10:04.858 [main] INFO  c.a.n.c.c.i.ClientWorker - [addCacheDataIfAbsent,380] - [fixed-6229ec57-34ae-49d1-b268-4c97d9d1f1e9-localhost_8848] [subscribe] oj-system.yaml+DEFAULT_GROUP+6229ec57-34ae-49d1-b268-4c97d9d1f1e9
13:10:04.858 [main] INFO  c.a.n.c.c.i.CacheData - [addListener,197] - [fixed-6229ec57-34ae-49d1-b268-4c97d9d1f1e9-localhost_8848] [add-listener] ok, tenant=6229ec57-34ae-49d1-b268-4c97d9d1f1e9, dataId=oj-system.yaml, group=DEFAULT_GROUP, cnt=1
13:10:04.858 [main] INFO  c.a.c.n.r.NacosContextRefresher - [registerNacosListener,129] - [Nacos Config] Listening config: dataId=oj-system.yaml, group=DEFAULT_GROUP
13:10:09.153 [http-nio-9202-exec-1] INFO  o.a.c.c.C.[.[.[/] - [log,173] - Initializing Spring DispatcherServlet 'dispatcherServlet'
13:10:09.153 [http-nio-9202-exec-1] INFO  o.s.w.s.DispatcherServlet - [initServletBean,532] - Initializing Servlet 'dispatcherServlet'
13:10:09.154 [http-nio-9202-exec-1] INFO  o.s.w.s.DispatcherServlet - [initServletBean,554] - Completed initialization in 1 ms
13:10:16.120 [SpringApplicationShutdownHook] INFO  c.a.c.n.r.NacosServiceRegistry - [deregister,95] - De-registering from Nacos Server now...
13:10:16.121 [SpringApplicationShutdownHook] INFO  c.a.n.client.naming - [deregisterService,217] - [DEREGISTER-SERVICE] 6229ec57-34ae-49d1-b268-4c97d9d1f1e9 deregistering service oj-system with instance: Instance{instanceId='null', ip='192.168.187.1', port=9202, weight=1.0, healthy=true, enabled=true, ephemeral=true, clusterName='DEFAULT', serviceName='null', metadata={}}
13:10:16.126 [SpringApplicationShutdownHook] INFO  c.a.c.n.r.NacosServiceRegistry - [deregister,115] - De-registration finished.
13:10:16.126 [SpringApplicationShutdownHook] INFO  c.a.n.client.naming - [shutdown,256] - com.alibaba.nacos.client.naming.cache.ServiceInfoHolder do shutdown begin
13:10:16.126 [SpringApplicationShutdownHook] INFO  c.a.n.client.naming - [shutdown,136] - com.alibaba.nacos.client.naming.backups.FailoverReactor do shutdown begin
13:10:16.126 [SpringApplicationShutdownHook] INFO  c.a.n.client.naming - [shutdown,138] - com.alibaba.nacos.client.naming.backups.FailoverReactor do shutdown stop
13:10:16.126 [SpringApplicationShutdownHook] INFO  c.a.n.client.naming - [shutdown,258] - com.alibaba.nacos.client.naming.cache.ServiceInfoHolder do shutdown stop
13:10:16.126 [SpringApplicationShutdownHook] INFO  c.a.n.client.naming - [shutdown,204] - com.alibaba.nacos.client.naming.remote.NamingClientProxyDelegate do shutdown begin
13:10:16.126 [SpringApplicationShutdownHook] INFO  c.a.n.client.naming - [shutdown,143] - com.alibaba.nacos.client.naming.core.ServiceInfoUpdateService do shutdown begin
13:10:16.127 [SpringApplicationShutdownHook] INFO  c.a.n.client.naming - [shutdown,145] - com.alibaba.nacos.client.naming.core.ServiceInfoUpdateService do shutdown stop
13:10:16.127 [SpringApplicationShutdownHook] INFO  c.a.n.client.naming - [shutdown,194] - com.alibaba.nacos.client.naming.core.ServerListManager do shutdown begin
13:10:16.127 [SpringApplicationShutdownHook] INFO  c.a.n.client.naming - [shutdown,199] - com.alibaba.nacos.client.naming.core.ServerListManager do shutdown stop
13:10:16.128 [SpringApplicationShutdownHook] INFO  c.a.n.client.naming - [shutdown,484] - com.alibaba.nacos.client.naming.remote.http.NamingHttpClientProxy do shutdown begin
13:10:16.128 [SpringApplicationShutdownHook] INFO  c.a.n.client.naming - [shutdown,486] - com.alibaba.nacos.client.naming.remote.http.NamingHttpClientProxy do shutdown stop
13:10:16.128 [SpringApplicationShutdownHook] INFO  c.a.n.c.r.client - [shutdown,429] - Shutdown rpc client, set status to shutdown
13:10:16.128 [SpringApplicationShutdownHook] INFO  c.a.n.c.r.client - [shutdown,431] - Shutdown client event executor java.util.concurrent.ScheduledThreadPoolExecutor@3b4fb17d[Running, pool size = 2, active threads = 2, queued tasks = 0, completed tasks = 0]
13:10:16.129 [SpringApplicationShutdownHook] INFO  c.a.n.c.r.client - [closeConnection,584] - Close current connection 1771305003311_172.17.0.1_47428
13:10:16.131 [nacos-grpc-client-executor-localhost-8] INFO  c.a.n.c.r.c.g.GrpcClient - [printIfInfoEnabled,63] - [1771305003311_172.17.0.1_47428]Ignore complete event,isRunning:false,isAbandon=false
13:10:16.133 [SpringApplicationShutdownHook] INFO  c.a.n.c.r.c.g.GrpcClient - [shutdown,159] - Shutdown grpc executor java.util.concurrent.ThreadPoolExecutor@1b6b8a13[Running, pool size = 3, active threads = 0, queued tasks = 0, completed tasks = 9]
13:10:16.133 [SpringApplicationShutdownHook] INFO  c.a.n.client.naming - [shutdown,318] - Shutdown grpc redo service executor java.util.concurrent.ScheduledThreadPoolExecutor@61111074[Running, pool size = 1, active threads = 0, queued tasks = 1, completed tasks = 4]
13:10:16.133 [SpringApplicationShutdownHook] INFO  c.a.n.c.a.r.i.CredentialWatcher - [stop,106] - [null] CredentialWatcher is stopped
13:10:16.133 [SpringApplicationShutdownHook] INFO  c.a.n.c.a.r.i.CredentialService - [free,100] - [null] CredentialService is freed
13:10:16.134 [SpringApplicationShutdownHook] INFO  c.a.n.client.naming - [shutdown,211] - com.alibaba.nacos.client.naming.remote.NamingClientProxyDelegate do shutdown stop
19:40:08.875 [main] INFO  c.a.n.c.u.ParamUtil - [<clinit>,87] - [settings] [req-serv] nacos-server port:8848
19:40:08.875 [main] INFO  c.a.n.c.u.ParamUtil - [<clinit>,98] - [settings] [http-client] connect timeout:1000
19:40:08.876 [main] INFO  c.a.n.c.u.ParamUtil - [<clinit>,105] - PER_TASK_CONFIG_SIZE: 3000.0
19:40:08.980 [main] INFO  c.a.n.p.a.s.c.ClientAuthPluginManager - [init,56] - [ClientAuthPluginManager] Load ClientAuthService com.alibaba.nacos.client.auth.impl.NacosClientAuthServiceImpl success.
19:40:08.981 [main] INFO  c.a.n.p.a.s.c.ClientAuthPluginManager - [init,56] - [ClientAuthPluginManager] Load ClientAuthService com.alibaba.nacos.client.auth.ram.RamClientAuthServiceImpl success.
19:40:08.984 [main] INFO  c.a.n.c.a.r.i.CredentialWatcher - [loadCredential,165] - null No credential found
19:40:10.493 [main] INFO  c.a.n.c.c.i.LocalConfigInfoProcessor - [<clinit>,63] - LOCAL_SNAPSHOT_PATH:C:\Users\爸爸的computer\nacos\config
19:40:10.501 [main] INFO  c.a.n.c.r.client - [lambda$createClient$0,108] - [RpcClientFactory] create a new rpc client of ee94cf8f-47cc-4664-b2e1-0b237cf3c972_config-0
19:40:10.534 [main] INFO  c.a.n.c.r.client - [printIfInfoEnabled,63] - [ee94cf8f-47cc-4664-b2e1-0b237cf3c972_config-0] Register server push request handler:com.alibaba.nacos.client.config.impl.ClientWorker$ConfigRpcTransportClient$$Lambda$518/0x000002413f2a8658
19:40:10.535 [main] INFO  c.a.n.c.r.client - [printIfInfoEnabled,63] - [ee94cf8f-47cc-4664-b2e1-0b237cf3c972_config-0] Register server push request handler:com.alibaba.nacos.client.config.impl.ClientWorker$ConfigRpcTransportClient$$Lambda$519/0x000002413f2a8a78
19:40:10.535 [main] INFO  c.a.n.c.r.client - [printIfInfoEnabled,63] - [ee94cf8f-47cc-4664-b2e1-0b237cf3c972_config-0] Registry connection listener to current client:com.alibaba.nacos.client.config.impl.ClientWorker$ConfigRpcTransportClient$1
19:40:10.535 [main] INFO  c.a.n.c.r.client - [printIfInfoEnabled,63] - [ee94cf8f-47cc-4664-b2e1-0b237cf3c972_config-0] RpcClient init, ServerListFactory = com.alibaba.nacos.client.config.impl.ClientWorker$ConfigRpcTransportClient$2
19:40:10.545 [main] INFO  c.a.n.c.r.client - [printIfInfoEnabled,63] - [ee94cf8f-47cc-4664-b2e1-0b237cf3c972_config-0] Try to connect to server on start up, server: {serverIp = 'localhost', server main port = 8848}
19:40:10.576 [main] INFO  c.a.n.c.r.c.g.GrpcClient - [createNewManagedChannel,182] - grpc client connection server:localhost ip,serverPort:9848,grpcTslConfig:{"sslProvider":"OPENSSL","enableTls":false,"mutualAuthEnable":false,"trustAll":false}
19:40:11.824 [main] INFO  c.a.n.c.r.client - [printIfInfoEnabled,63] - [ee94cf8f-47cc-4664-b2e1-0b237cf3c972_config-0] Success to connect to server [localhost:8848] on start up, connectionId = 1771328411665_172.17.0.1_56086
19:40:11.825 [com.alibaba.nacos.client.remote.worker] INFO  c.a.n.c.r.client - [printIfInfoEnabled,63] - [ee94cf8f-47cc-4664-b2e1-0b237cf3c972_config-0] Notify connected event to listeners.
19:40:11.825 [com.alibaba.nacos.client.remote.worker] INFO  c.a.n.c.c.i.ClientWorker - [onConnected,639] - [ee94cf8f-47cc-4664-b2e1-0b237cf3c972_config-0] Connected,notify listen context...
19:40:11.825 [main] INFO  c.a.n.c.r.client - [printIfInfoEnabled,63] - [ee94cf8f-47cc-4664-b2e1-0b237cf3c972_config-0] Register server push request handler:com.alibaba.nacos.common.remote.client.RpcClient$ConnectResetRequestHandler
19:40:11.826 [main] INFO  c.a.n.c.r.client - [printIfInfoEnabled,63] - [ee94cf8f-47cc-4664-b2e1-0b237cf3c972_config-0] Register server push request handler:com.alibaba.nacos.common.remote.client.RpcClient$$Lambda$542/0x000002413f42f528
19:40:11.860 [main] INFO  c.a.n.c.c.i.Limiter - [<clinit>,62] - limitTime:5.0
19:40:11.885 [main] INFO  c.a.n.c.c.u.JvmUtil - [<clinit>,54] - isMultiInstance:false
19:40:11.889 [main] INFO  o.s.c.b.c.PropertySourceBootstrapConfiguration - [initialize,108] - Located property source: [BootstrapPropertySource {name='bootstrapProperties-oj-system-local.yaml,DEFAULT_GROUP'}, BootstrapPropertySource {name='bootstrapProperties-oj-system.yaml,DEFAULT_GROUP'}, BootstrapPropertySource {name='bootstrapProperties-oj-system,DEFAULT_GROUP'}]
19:40:11.894 [main] INFO  c.o.s.OjSystemApplication - [logStartupProfileInfo,636] - The following 1 profile is active: "local"
19:40:12.720 [main] INFO  o.s.d.r.c.RepositoryConfigurationDelegate - [multipleStoresDetected,294] - Multiple Spring Data modules found, entering strict repository configuration mode
19:40:12.721 [main] INFO  o.s.d.r.c.RepositoryConfigurationDelegate - [registerRepositoriesIn,138] - Bootstrapping Spring Data Redis repositories in DEFAULT mode.
19:40:12.745 [main] INFO  o.s.d.r.c.RepositoryConfigurationDelegate - [registerRepositoriesIn,208] - Finished Spring Data repository scanning in 8 ms. Found 0 Redis repository interfaces.
19:40:13.027 [main] INFO  o.s.c.c.s.GenericScope - [setSerializationId,282] - BeanFactory id=d6e6334e-d5ab-3841-9f04-36602b57f624
19:40:13.721 [main] INFO  o.s.b.w.e.t.TomcatWebServer - [initialize,108] - Tomcat initialized with port(s): 9202 (http)
19:40:13.722 [main] INFO  o.a.c.c.AprLifecycleListener - [log,173] - An older version [1.2.39] of the Apache Tomcat Native library is installed, while Tomcat recommends a minimum version of [2.0.1]
19:40:13.722 [main] INFO  o.a.c.c.AprLifecycleListener - [log,173] - Loaded Apache Tomcat Native library [1.2.39] using APR version [1.7.4].
19:40:13.735 [main] INFO  o.a.c.c.AprLifecycleListener - [log,173] - OpenSSL successfully initialized [OpenSSL 3.0.11 19 Sep 2023]
19:40:13.747 [main] INFO  o.a.c.h.Http11NioProtocol - [log,173] - Initializing ProtocolHandler ["http-nio-9202"]
19:40:13.749 [main] INFO  o.a.c.c.StandardService - [log,173] - Starting service [Tomcat]
19:40:13.749 [main] INFO  o.a.c.c.StandardEngine - [log,173] - Starting Servlet engine: [Apache Tomcat/10.1.4]
19:40:13.863 [main] INFO  o.a.c.c.C.[.[.[/] - [log,173] - Initializing Spring embedded WebApplicationContext
19:40:13.863 [main] INFO  o.s.b.w.s.c.ServletWebServerApplicationContext - [prepareWebApplicationContext,291] - Root WebApplicationContext: initialization completed in 1957 ms
19:40:17.225 [main] INFO  o.s.c.c.u.InetUtils - [convertAddress,170] - Cannot determine local hostname
19:40:19.239 [main] INFO  o.s.c.c.u.InetUtils - [convertAddress,170] - Cannot determine local hostname
19:40:19.289 [main] INFO  o.a.c.h.Http11NioProtocol - [log,173] - Starting ProtocolHandler ["http-nio-9202"]
19:40:19.300 [main] INFO  o.s.b.w.e.t.TomcatWebServer - [start,220] - Tomcat started on port(s): 9202 (http) with context path ''
19:40:19.304 [main] INFO  c.a.n.client.naming - [initNamespaceForNaming,62] - initializer namespace from ans.namespace attribute : null
19:40:19.304 [main] INFO  c.a.n.client.naming - [lambda$initNamespaceForNaming$0,66] - initializer namespace from ALIBABA_ALIWARE_NAMESPACE attribute :null
19:40:19.304 [main] INFO  c.a.n.client.naming - [lambda$initNamespaceForNaming$1,73] - initializer namespace from namespace attribute :null
19:40:19.310 [main] INFO  c.a.n.p.a.s.c.ClientAuthPluginManager - [init,56] - [ClientAuthPluginManager] Load ClientAuthService com.alibaba.nacos.client.auth.impl.NacosClientAuthServiceImpl success.
19:40:19.310 [main] INFO  c.a.n.p.a.s.c.ClientAuthPluginManager - [init,56] - [ClientAuthPluginManager] Load ClientAuthService com.alibaba.nacos.client.auth.ram.RamClientAuthServiceImpl success.
19:40:19.312 [main] INFO  c.a.n.c.r.client - [lambda$createClient$0,108] - [RpcClientFactory] create a new rpc client of 1504467d-688f-4707-a912-3ea08da011de
19:40:19.313 [main] INFO  c.a.n.c.r.client - [printIfInfoEnabled,63] - [1504467d-688f-4707-a912-3ea08da011de] RpcClient init, ServerListFactory = com.alibaba.nacos.client.naming.core.ServerListManager
19:40:19.313 [main] INFO  c.a.n.c.r.client - [printIfInfoEnabled,63] - [1504467d-688f-4707-a912-3ea08da011de] Registry connection listener to current client:com.alibaba.nacos.client.naming.remote.gprc.redo.NamingGrpcRedoService
19:40:19.313 [main] INFO  c.a.n.c.r.client - [printIfInfoEnabled,63] - [1504467d-688f-4707-a912-3ea08da011de] Register server push request handler:com.alibaba.nacos.client.naming.remote.gprc.NamingPushRequestHandler
19:40:19.314 [main] INFO  c.a.n.c.r.client - [printIfInfoEnabled,63] - [1504467d-688f-4707-a912-3ea08da011de] Try to connect to server on start up, server: {serverIp = 'localhost', server main port = 8848}
19:40:19.314 [main] INFO  c.a.n.c.r.c.g.GrpcClient - [createNewManagedChannel,182] - grpc client connection server:localhost ip,serverPort:9848,grpcTslConfig:{"sslProvider":"OPENSSL","enableTls":false,"mutualAuthEnable":false,"trustAll":false}
19:40:19.441 [main] INFO  c.a.n.c.r.client - [printIfInfoEnabled,63] - [1504467d-688f-4707-a912-3ea08da011de] Success to connect to server [localhost:8848] on start up, connectionId = 1771328419318_172.17.0.1_56092
19:40:19.441 [main] INFO  c.a.n.c.r.client - [printIfInfoEnabled,63] - [1504467d-688f-4707-a912-3ea08da011de] Register server push request handler:com.alibaba.nacos.common.remote.client.RpcClient$ConnectResetRequestHandler
19:40:19.441 [com.alibaba.nacos.client.remote.worker] INFO  c.a.n.c.r.client - [printIfInfoEnabled,63] - [1504467d-688f-4707-a912-3ea08da011de] Notify connected event to listeners.
19:40:19.442 [com.alibaba.nacos.client.remote.worker] INFO  c.a.n.client.naming - [onConnected,78] - Grpc connection connect
19:40:19.442 [main] INFO  c.a.n.c.r.client - [printIfInfoEnabled,63] - [1504467d-688f-4707-a912-3ea08da011de] Register server push request handler:com.alibaba.nacos.common.remote.client.RpcClient$$Lambda$542/0x000002413f42f528
19:40:19.443 [main] INFO  c.a.n.client.naming - [registerService,121] - [REGISTER-SERVICE] 6229ec57-34ae-49d1-b268-4c97d9d1f1e9 registering service oj-system with instance Instance{instanceId='null', ip='192.168.187.1', port=9202, weight=1.0, healthy=true, enabled=true, ephemeral=true, clusterName='DEFAULT', serviceName='null', metadata={IPv6=null, preserved.register.source=SPRING_CLOUD}}
19:40:19.453 [main] INFO  c.a.c.n.r.NacosServiceRegistry - [register,76] - nacos registry, DEFAULT_GROUP oj-system 192.168.187.1:9202 register finished
19:40:20.853 [main] INFO  o.s.c.c.u.InetUtils - [convertAddress,170] - Cannot determine local hostname
19:40:20.862 [main] INFO  c.o.s.OjSystemApplication - [logStarted,57] - Started OjSystemApplication in 14.003 seconds (process running for 14.634)
19:40:20.865 [main] INFO  c.a.n.c.c.i.CacheData - [<clinit>,67] - nacos.cache.data.init.snapshot = true 
19:40:20.868 [main] INFO  c.a.n.c.c.i.ClientWorker - [addCacheDataIfAbsent,380] - [fixed-6229ec57-34ae-49d1-b268-4c97d9d1f1e9-localhost_8848] [subscribe] oj-system-local.yaml+DEFAULT_GROUP+6229ec57-34ae-49d1-b268-4c97d9d1f1e9
19:40:20.873 [main] INFO  c.a.n.c.c.i.CacheData - [addListener,197] - [fixed-6229ec57-34ae-49d1-b268-4c97d9d1f1e9-localhost_8848] [add-listener] ok, tenant=6229ec57-34ae-49d1-b268-4c97d9d1f1e9, dataId=oj-system-local.yaml, group=DEFAULT_GROUP, cnt=1
19:40:20.874 [main] INFO  c.a.c.n.r.NacosContextRefresher - [registerNacosListener,129] - [Nacos Config] Listening config: dataId=oj-system-local.yaml, group=DEFAULT_GROUP
19:40:20.874 [main] INFO  c.a.n.c.c.i.ClientWorker - [addCacheDataIfAbsent,380] - [fixed-6229ec57-34ae-49d1-b268-4c97d9d1f1e9-localhost_8848] [subscribe] oj-system+DEFAULT_GROUP+6229ec57-34ae-49d1-b268-4c97d9d1f1e9
19:40:20.874 [main] INFO  c.a.n.c.c.i.CacheData - [addListener,197] - [fixed-6229ec57-34ae-49d1-b268-4c97d9d1f1e9-localhost_8848] [add-listener] ok, tenant=6229ec57-34ae-49d1-b268-4c97d9d1f1e9, dataId=oj-system, group=DEFAULT_GROUP, cnt=1
19:40:20.874 [main] INFO  c.a.c.n.r.NacosContextRefresher - [registerNacosListener,129] - [Nacos Config] Listening config: dataId=oj-system, group=DEFAULT_GROUP
19:40:20.875 [main] INFO  c.a.n.c.c.i.ClientWorker - [addCacheDataIfAbsent,380] - [fixed-6229ec57-34ae-49d1-b268-4c97d9d1f1e9-localhost_8848] [subscribe] oj-system.yaml+DEFAULT_GROUP+6229ec57-34ae-49d1-b268-4c97d9d1f1e9
19:40:20.875 [main] INFO  c.a.n.c.c.i.CacheData - [addListener,197] - [fixed-6229ec57-34ae-49d1-b268-4c97d9d1f1e9-localhost_8848] [add-listener] ok, tenant=6229ec57-34ae-49d1-b268-4c97d9d1f1e9, dataId=oj-system.yaml, group=DEFAULT_GROUP, cnt=1
19:40:20.875 [main] INFO  c.a.c.n.r.NacosContextRefresher - [registerNacosListener,129] - [Nacos Config] Listening config: dataId=oj-system.yaml, group=DEFAULT_GROUP
19:40:37.302 [http-nio-9202-exec-1] INFO  o.a.c.c.C.[.[.[/] - [log,173] - Initializing Spring DispatcherServlet 'dispatcherServlet'
19:40:37.303 [http-nio-9202-exec-1] INFO  o.s.w.s.DispatcherServlet - [initServletBean,532] - Initializing Servlet 'dispatcherServlet'
19:40:37.306 [http-nio-9202-exec-1] INFO  o.s.w.s.DispatcherServlet - [initServletBean,554] - Completed initialization in 3 ms
19:40:57.177 [http-nio-9202-exec-3] INFO  c.z.h.HikariDataSource - [getConnection,110] - HikariPool-1 - Starting...
19:40:57.807 [http-nio-9202-exec-3] INFO  c.z.h.p.HikariPool - [checkFailFast,565] - HikariPool-1 - Added connection com.mysql.cj.jdbc.ConnectionImpl@4ea6d824
19:40:57.809 [http-nio-9202-exec-3] INFO  c.z.h.HikariDataSource - [getConnection,123] - HikariPool-1 - Start completed.
19:41:18.876 [SpringApplicationShutdownHook] INFO  c.a.c.n.r.NacosServiceRegistry - [deregister,95] - De-registering from Nacos Server now...
19:41:18.877 [SpringApplicationShutdownHook] INFO  c.a.n.client.naming - [deregisterService,217] - [DEREGISTER-SERVICE] 6229ec57-34ae-49d1-b268-4c97d9d1f1e9 deregistering service oj-system with instance: Instance{instanceId='null', ip='192.168.187.1', port=9202, weight=1.0, healthy=true, enabled=true, ephemeral=true, clusterName='DEFAULT', serviceName='null', metadata={}}
19:41:19.003 [SpringApplicationShutdownHook] INFO  c.a.c.n.r.NacosServiceRegistry - [deregister,115] - De-registration finished.
19:41:19.005 [SpringApplicationShutdownHook] INFO  c.a.n.client.naming - [shutdown,256] - com.alibaba.nacos.client.naming.cache.ServiceInfoHolder do shutdown begin
19:41:19.005 [SpringApplicationShutdownHook] INFO  c.a.n.client.naming - [shutdown,136] - com.alibaba.nacos.client.naming.backups.FailoverReactor do shutdown begin
19:41:19.005 [SpringApplicationShutdownHook] INFO  c.a.n.client.naming - [shutdown,138] - com.alibaba.nacos.client.naming.backups.FailoverReactor do shutdown stop
19:41:19.005 [SpringApplicationShutdownHook] INFO  c.a.n.client.naming - [shutdown,258] - com.alibaba.nacos.client.naming.cache.ServiceInfoHolder do shutdown stop
19:41:19.005 [SpringApplicationShutdownHook] INFO  c.a.n.client.naming - [shutdown,204] - com.alibaba.nacos.client.naming.remote.NamingClientProxyDelegate do shutdown begin
19:41:19.005 [SpringApplicationShutdownHook] INFO  c.a.n.client.naming - [shutdown,143] - com.alibaba.nacos.client.naming.core.ServiceInfoUpdateService do shutdown begin
19:41:19.005 [SpringApplicationShutdownHook] INFO  c.a.n.client.naming - [shutdown,145] - com.alibaba.nacos.client.naming.core.ServiceInfoUpdateService do shutdown stop
19:41:19.005 [SpringApplicationShutdownHook] INFO  c.a.n.client.naming - [shutdown,194] - com.alibaba.nacos.client.naming.core.ServerListManager do shutdown begin
19:41:19.006 [SpringApplicationShutdownHook] INFO  c.a.n.client.naming - [shutdown,199] - com.alibaba.nacos.client.naming.core.ServerListManager do shutdown stop
19:41:19.006 [SpringApplicationShutdownHook] INFO  c.a.n.client.naming - [shutdown,484] - com.alibaba.nacos.client.naming.remote.http.NamingHttpClientProxy do shutdown begin
19:41:19.006 [SpringApplicationShutdownHook] INFO  c.a.n.client.naming - [shutdown,486] - com.alibaba.nacos.client.naming.remote.http.NamingHttpClientProxy do shutdown stop
19:41:19.006 [SpringApplicationShutdownHook] INFO  c.a.n.c.r.client - [shutdown,429] - Shutdown rpc client, set status to shutdown
19:41:19.006 [SpringApplicationShutdownHook] INFO  c.a.n.c.r.client - [shutdown,431] - Shutdown client event executor java.util.concurrent.ScheduledThreadPoolExecutor@6f45bb49[Running, pool size = 2, active threads = 2, queued tasks = 0, completed tasks = 0]
19:41:19.006 [SpringApplicationShutdownHook] INFO  c.a.n.c.r.client - [closeConnection,584] - Close current connection 1771328419318_172.17.0.1_56092
19:41:19.009 [nacos-grpc-client-executor-localhost-18] INFO  c.a.n.c.r.c.g.GrpcClient - [printIfInfoEnabled,63] - [1771328419318_172.17.0.1_56092]Ignore complete event,isRunning:false,isAbandon=false
19:41:19.011 [SpringApplicationShutdownHook] INFO  c.a.n.c.r.c.g.GrpcClient - [shutdown,159] - Shutdown grpc executor java.util.concurrent.ThreadPoolExecutor@7a82b298[Running, pool size = 5, active threads = 0, queued tasks = 0, completed tasks = 19]
19:41:19.011 [SpringApplicationShutdownHook] INFO  c.a.n.client.naming - [shutdown,318] - Shutdown grpc redo service executor java.util.concurrent.ScheduledThreadPoolExecutor@13e3b2ef[Running, pool size = 1, active threads = 0, queued tasks = 1, completed tasks = 14]
19:41:19.011 [SpringApplicationShutdownHook] INFO  c.a.n.c.a.r.i.CredentialWatcher - [stop,106] - [null] CredentialWatcher is stopped
19:41:19.011 [SpringApplicationShutdownHook] INFO  c.a.n.c.a.r.i.CredentialService - [free,100] - [null] CredentialService is freed
19:41:19.012 [SpringApplicationShutdownHook] INFO  c.a.n.client.naming - [shutdown,211] - com.alibaba.nacos.client.naming.remote.NamingClientProxyDelegate do shutdown stop
19:41:19.029 [SpringApplicationShutdownHook] INFO  c.z.h.HikariDataSource - [close,350] - HikariPool-1 - Shutdown initiated...
19:41:19.034 [SpringApplicationShutdownHook] INFO  c.z.h.HikariDataSource - [close,352] - HikariPool-1 - Shutdown completed.
21:30:02.640 [main] INFO  c.a.n.c.u.ParamUtil - [<clinit>,87] - [settings] [req-serv] nacos-server port:8848
21:30:02.640 [main] INFO  c.a.n.c.u.ParamUtil - [<clinit>,98] - [settings] [http-client] connect timeout:1000
21:30:02.642 [main] INFO  c.a.n.c.u.ParamUtil - [<clinit>,105] - PER_TASK_CONFIG_SIZE: 3000.0
21:30:02.746 [main] INFO  c.a.n.p.a.s.c.ClientAuthPluginManager - [init,56] - [ClientAuthPluginManager] Load ClientAuthService com.alibaba.nacos.client.auth.impl.NacosClientAuthServiceImpl success.
21:30:02.747 [main] INFO  c.a.n.p.a.s.c.ClientAuthPluginManager - [init,56] - [ClientAuthPluginManager] Load ClientAuthService com.alibaba.nacos.client.auth.ram.RamClientAuthServiceImpl success.
21:30:02.749 [main] INFO  c.a.n.c.a.r.i.CredentialWatcher - [loadCredential,165] - null No credential found
21:30:04.219 [main] INFO  c.a.n.c.c.i.LocalConfigInfoProcessor - [<clinit>,63] - LOCAL_SNAPSHOT_PATH:C:\Users\爸爸的computer\nacos\config
21:30:04.223 [main] INFO  c.a.n.c.r.client - [lambda$createClient$0,108] - [RpcClientFactory] create a new rpc client of 90884dcc-37db-47d9-8f72-05cdcc6afa98_config-0
21:30:04.248 [main] INFO  c.a.n.c.r.client - [printIfInfoEnabled,63] - [90884dcc-37db-47d9-8f72-05cdcc6afa98_config-0] Register server push request handler:com.alibaba.nacos.client.config.impl.ClientWorker$ConfigRpcTransportClient$$Lambda$520/0x00000251b52a97a8
21:30:04.249 [main] INFO  c.a.n.c.r.client - [printIfInfoEnabled,63] - [90884dcc-37db-47d9-8f72-05cdcc6afa98_config-0] Register server push request handler:com.alibaba.nacos.client.config.impl.ClientWorker$ConfigRpcTransportClient$$Lambda$521/0x00000251b52a9bc8
21:30:04.250 [main] INFO  c.a.n.c.r.client - [printIfInfoEnabled,63] - [90884dcc-37db-47d9-8f72-05cdcc6afa98_config-0] Registry connection listener to current client:com.alibaba.nacos.client.config.impl.ClientWorker$ConfigRpcTransportClient$1
21:30:04.251 [main] INFO  c.a.n.c.r.client - [printIfInfoEnabled,63] - [90884dcc-37db-47d9-8f72-05cdcc6afa98_config-0] RpcClient init, ServerListFactory = com.alibaba.nacos.client.config.impl.ClientWorker$ConfigRpcTransportClient$2
21:30:04.264 [main] INFO  c.a.n.c.r.client - [printIfInfoEnabled,63] - [90884dcc-37db-47d9-8f72-05cdcc6afa98_config-0] Try to connect to server on start up, server: {serverIp = 'localhost', server main port = 8848}
21:30:04.292 [main] INFO  c.a.n.c.r.c.g.GrpcClient - [createNewManagedChannel,182] - grpc client connection server:localhost ip,serverPort:9848,grpcTslConfig:{"sslProvider":"OPENSSL","enableTls":false,"mutualAuthEnable":false,"trustAll":false}
21:30:05.366 [main] INFO  c.a.n.c.r.client - [printIfInfoEnabled,63] - [90884dcc-37db-47d9-8f72-05cdcc6afa98_config-0] Success to connect to server [localhost:8848] on start up, connectionId = 1771335005212_172.17.0.1_33726
21:30:05.366 [com.alibaba.nacos.client.remote.worker] INFO  c.a.n.c.r.client - [printIfInfoEnabled,63] - [90884dcc-37db-47d9-8f72-05cdcc6afa98_config-0] Notify connected event to listeners.
21:30:05.366 [com.alibaba.nacos.client.remote.worker] INFO  c.a.n.c.c.i.ClientWorker - [onConnected,639] - [90884dcc-37db-47d9-8f72-05cdcc6afa98_config-0] Connected,notify listen context...
21:30:05.366 [main] INFO  c.a.n.c.r.client - [printIfInfoEnabled,63] - [90884dcc-37db-47d9-8f72-05cdcc6afa98_config-0] Register server push request handler:com.alibaba.nacos.common.remote.client.RpcClient$ConnectResetRequestHandler
21:30:05.366 [main] INFO  c.a.n.c.r.client - [printIfInfoEnabled,63] - [90884dcc-37db-47d9-8f72-05cdcc6afa98_config-0] Register server push request handler:com.alibaba.nacos.common.remote.client.RpcClient$$Lambda$543/0x00000251b5430890
21:30:05.395 [main] INFO  c.a.n.c.c.i.Limiter - [<clinit>,62] - limitTime:5.0
21:30:05.420 [main] INFO  c.a.n.c.c.u.JvmUtil - [<clinit>,54] - isMultiInstance:false
21:30:05.424 [main] INFO  o.s.c.b.c.PropertySourceBootstrapConfiguration - [initialize,108] - Located property source: [BootstrapPropertySource {name='bootstrapProperties-oj-system-local.yaml,DEFAULT_GROUP'}, BootstrapPropertySource {name='bootstrapProperties-oj-system.yaml,DEFAULT_GROUP'}, BootstrapPropertySource {name='bootstrapProperties-oj-system,DEFAULT_GROUP'}]
21:30:05.431 [main] INFO  c.o.s.OjSystemApplication - [logStartupProfileInfo,636] - The following 1 profile is active: "local"
21:30:06.185 [main] INFO  o.s.d.r.c.RepositoryConfigurationDelegate - [multipleStoresDetected,294] - Multiple Spring Data modules found, entering strict repository configuration mode
21:30:06.193 [main] INFO  o.s.d.r.c.RepositoryConfigurationDelegate - [registerRepositoriesIn,138] - Bootstrapping Spring Data Redis repositories in DEFAULT mode.
21:30:06.252 [main] INFO  o.s.d.r.c.RepositoryConfigurationDelegate - [registerRepositoriesIn,208] - Finished Spring Data repository scanning in 11 ms. Found 0 Redis repository interfaces.
21:30:06.477 [main] INFO  o.s.c.c.s.GenericScope - [setSerializationId,282] - BeanFactory id=16e15c07-dba8-3895-9d5f-1a5e2fe8893b
21:30:07.040 [main] INFO  o.s.b.w.e.t.TomcatWebServer - [initialize,108] - Tomcat initialized with port(s): 9202 (http)
21:30:07.042 [main] INFO  o.a.c.c.AprLifecycleListener - [log,173] - An older version [1.2.39] of the Apache Tomcat Native library is installed, while Tomcat recommends a minimum version of [2.0.1]
21:30:07.043 [main] INFO  o.a.c.c.AprLifecycleListener - [log,173] - Loaded Apache Tomcat Native library [1.2.39] using APR version [1.7.4].
21:30:07.058 [main] INFO  o.a.c.c.AprLifecycleListener - [log,173] - OpenSSL successfully initialized [OpenSSL 3.0.11 19 Sep 2023]
21:30:07.079 [main] INFO  o.a.c.h.Http11NioProtocol - [log,173] - Initializing ProtocolHandler ["http-nio-9202"]
21:30:07.081 [main] INFO  o.a.c.c.StandardService - [log,173] - Starting service [Tomcat]
21:30:07.081 [main] INFO  o.a.c.c.StandardEngine - [log,173] - Starting Servlet engine: [Apache Tomcat/10.1.4]
21:30:07.177 [main] INFO  o.a.c.c.C.[.[.[/] - [log,173] - Initializing Spring embedded WebApplicationContext
21:30:07.179 [main] INFO  o.s.b.w.s.c.ServletWebServerApplicationContext - [prepareWebApplicationContext,291] - Root WebApplicationContext: initialization completed in 1730 ms
21:30:10.149 [main] INFO  o.s.c.c.u.InetUtils - [convertAddress,170] - Cannot determine local hostname
21:30:12.077 [main] INFO  o.s.c.c.u.InetUtils - [convertAddress,170] - Cannot determine local hostname
21:30:12.114 [main] INFO  o.a.c.h.Http11NioProtocol - [log,173] - Starting ProtocolHandler ["http-nio-9202"]
21:30:12.126 [main] INFO  o.s.b.w.e.t.TomcatWebServer - [start,220] - Tomcat started on port(s): 9202 (http) with context path ''
21:30:12.131 [main] INFO  c.a.n.client.naming - [initNamespaceForNaming,62] - initializer namespace from ans.namespace attribute : null
21:30:12.131 [main] INFO  c.a.n.client.naming - [lambda$initNamespaceForNaming$0,66] - initializer namespace from ALIBABA_ALIWARE_NAMESPACE attribute :null
21:30:12.132 [main] INFO  c.a.n.client.naming - [lambda$initNamespaceForNaming$1,73] - initializer namespace from namespace attribute :null
21:30:12.141 [main] INFO  c.a.n.p.a.s.c.ClientAuthPluginManager - [init,56] - [ClientAuthPluginManager] Load ClientAuthService com.alibaba.nacos.client.auth.impl.NacosClientAuthServiceImpl success.
21:30:12.141 [main] INFO  c.a.n.p.a.s.c.ClientAuthPluginManager - [init,56] - [ClientAuthPluginManager] Load ClientAuthService com.alibaba.nacos.client.auth.ram.RamClientAuthServiceImpl success.
21:30:12.144 [main] INFO  c.a.n.c.r.client - [lambda$createClient$0,108] - [RpcClientFactory] create a new rpc client of 0a54ae9c-5aca-491c-a7d4-aa295ecb3084
21:30:12.144 [main] INFO  c.a.n.c.r.client - [printIfInfoEnabled,63] - [0a54ae9c-5aca-491c-a7d4-aa295ecb3084] RpcClient init, ServerListFactory = com.alibaba.nacos.client.naming.core.ServerListManager
21:30:12.144 [main] INFO  c.a.n.c.r.client - [printIfInfoEnabled,63] - [0a54ae9c-5aca-491c-a7d4-aa295ecb3084] Registry connection listener to current client:com.alibaba.nacos.client.naming.remote.gprc.redo.NamingGrpcRedoService
21:30:12.145 [main] INFO  c.a.n.c.r.client - [printIfInfoEnabled,63] - [0a54ae9c-5aca-491c-a7d4-aa295ecb3084] Register server push request handler:com.alibaba.nacos.client.naming.remote.gprc.NamingPushRequestHandler
21:30:12.145 [main] INFO  c.a.n.c.r.client - [printIfInfoEnabled,63] - [0a54ae9c-5aca-491c-a7d4-aa295ecb3084] Try to connect to server on start up, server: {serverIp = 'localhost', server main port = 8848}
21:30:12.145 [main] INFO  c.a.n.c.r.c.g.GrpcClient - [createNewManagedChannel,182] - grpc client connection server:localhost ip,serverPort:9848,grpcTslConfig:{"sslProvider":"OPENSSL","enableTls":false,"mutualAuthEnable":false,"trustAll":false}
21:30:12.265 [main] INFO  c.a.n.c.r.client - [printIfInfoEnabled,63] - [0a54ae9c-5aca-491c-a7d4-aa295ecb3084] Success to connect to server [localhost:8848] on start up, connectionId = 1771335012143_172.17.0.1_33740
21:30:12.265 [main] INFO  c.a.n.c.r.client - [printIfInfoEnabled,63] - [0a54ae9c-5aca-491c-a7d4-aa295ecb3084] Register server push request handler:com.alibaba.nacos.common.remote.client.RpcClient$ConnectResetRequestHandler
21:30:12.265 [com.alibaba.nacos.client.remote.worker] INFO  c.a.n.c.r.client - [printIfInfoEnabled,63] - [0a54ae9c-5aca-491c-a7d4-aa295ecb3084] Notify connected event to listeners.
21:30:12.266 [main] INFO  c.a.n.c.r.client - [printIfInfoEnabled,63] - [0a54ae9c-5aca-491c-a7d4-aa295ecb3084] Register server push request handler:com.alibaba.nacos.common.remote.client.RpcClient$$Lambda$543/0x00000251b5430890
21:30:12.266 [com.alibaba.nacos.client.remote.worker] INFO  c.a.n.client.naming - [onConnected,78] - Grpc connection connect
21:30:12.267 [main] INFO  c.a.n.client.naming - [registerService,121] - [REGISTER-SERVICE] 6229ec57-34ae-49d1-b268-4c97d9d1f1e9 registering service oj-system with instance Instance{instanceId='null', ip='192.168.187.1', port=9202, weight=1.0, healthy=true, enabled=true, ephemeral=true, clusterName='DEFAULT', serviceName='null', metadata={IPv6=null, preserved.register.source=SPRING_CLOUD}}
21:30:12.276 [main] INFO  c.a.c.n.r.NacosServiceRegistry - [register,76] - nacos registry, DEFAULT_GROUP oj-system 192.168.187.1:9202 register finished
21:30:13.666 [main] INFO  o.s.c.c.u.InetUtils - [convertAddress,170] - Cannot determine local hostname
21:30:13.674 [main] INFO  c.o.s.OjSystemApplication - [logStarted,57] - Started OjSystemApplication in 13.1 seconds (process running for 13.702)
21:30:13.677 [main] INFO  c.a.n.c.c.i.CacheData - [<clinit>,67] - nacos.cache.data.init.snapshot = true 
21:30:13.679 [main] INFO  c.a.n.c.c.i.ClientWorker - [addCacheDataIfAbsent,380] - [fixed-6229ec57-34ae-49d1-b268-4c97d9d1f1e9-localhost_8848] [subscribe] oj-system-local.yaml+DEFAULT_GROUP+6229ec57-34ae-49d1-b268-4c97d9d1f1e9
21:30:13.683 [main] INFO  c.a.n.c.c.i.CacheData - [addListener,197] - [fixed-6229ec57-34ae-49d1-b268-4c97d9d1f1e9-localhost_8848] [add-listener] ok, tenant=6229ec57-34ae-49d1-b268-4c97d9d1f1e9, dataId=oj-system-local.yaml, group=DEFAULT_GROUP, cnt=1
21:30:13.684 [main] INFO  c.a.c.n.r.NacosContextRefresher - [registerNacosListener,129] - [Nacos Config] Listening config: dataId=oj-system-local.yaml, group=DEFAULT_GROUP
21:30:13.684 [main] INFO  c.a.n.c.c.i.ClientWorker - [addCacheDataIfAbsent,380] - [fixed-6229ec57-34ae-49d1-b268-4c97d9d1f1e9-localhost_8848] [subscribe] oj-system+DEFAULT_GROUP+6229ec57-34ae-49d1-b268-4c97d9d1f1e9
21:30:13.684 [main] INFO  c.a.n.c.c.i.CacheData - [addListener,197] - [fixed-6229ec57-34ae-49d1-b268-4c97d9d1f1e9-localhost_8848] [add-listener] ok, tenant=6229ec57-34ae-49d1-b268-4c97d9d1f1e9, dataId=oj-system, group=DEFAULT_GROUP, cnt=1
21:30:13.684 [main] INFO  c.a.c.n.r.NacosContextRefresher - [registerNacosListener,129] - [Nacos Config] Listening config: dataId=oj-system, group=DEFAULT_GROUP
21:30:13.685 [main] INFO  c.a.n.c.c.i.ClientWorker - [addCacheDataIfAbsent,380] - [fixed-6229ec57-34ae-49d1-b268-4c97d9d1f1e9-localhost_8848] [subscribe] oj-system.yaml+DEFAULT_GROUP+6229ec57-34ae-49d1-b268-4c97d9d1f1e9
21:30:13.685 [main] INFO  c.a.n.c.c.i.CacheData - [addListener,197] - [fixed-6229ec57-34ae-49d1-b268-4c97d9d1f1e9-localhost_8848] [add-listener] ok, tenant=6229ec57-34ae-49d1-b268-4c97d9d1f1e9, dataId=oj-system.yaml, group=DEFAULT_GROUP, cnt=1
21:30:13.685 [main] INFO  c.a.c.n.r.NacosContextRefresher - [registerNacosListener,129] - [Nacos Config] Listening config: dataId=oj-system.yaml, group=DEFAULT_GROUP
21:30:19.229 [http-nio-9202-exec-2] INFO  o.a.c.c.C.[.[.[/] - [log,173] - Initializing Spring DispatcherServlet 'dispatcherServlet'
21:30:19.229 [http-nio-9202-exec-2] INFO  o.s.w.s.DispatcherServlet - [initServletBean,532] - Initializing Servlet 'dispatcherServlet'
21:30:19.230 [http-nio-9202-exec-2] INFO  o.s.w.s.DispatcherServlet - [initServletBean,554] - Completed initialization in 1 ms
21:30:19.342 [http-nio-9202-exec-2] INFO  c.z.h.HikariDataSource - [getConnection,110] - HikariPool-1 - Starting...
21:30:19.728 [http-nio-9202-exec-2] INFO  c.z.h.p.HikariPool - [checkFailFast,565] - HikariPool-1 - Added connection com.mysql.cj.jdbc.ConnectionImpl@5cbb3bb9
21:30:19.729 [http-nio-9202-exec-2] INFO  c.z.h.HikariDataSource - [getConnection,123] - HikariPool-1 - Start completed.
21:30:59.941 [SpringApplicationShutdownHook] INFO  c.a.c.n.r.NacosServiceRegistry - [deregister,95] - De-registering from Nacos Server now...
21:30:59.941 [SpringApplicationShutdownHook] INFO  c.a.n.client.naming - [deregisterService,217] - [DEREGISTER-SERVICE] 6229ec57-34ae-49d1-b268-4c97d9d1f1e9 deregistering service oj-system with instance: Instance{instanceId='null', ip='192.168.187.1', port=9202, weight=1.0, healthy=true, enabled=true, ephemeral=true, clusterName='DEFAULT', serviceName='null', metadata={}}
21:30:59.950 [SpringApplicationShutdownHook] INFO  c.a.c.n.r.NacosServiceRegistry - [deregister,115] - De-registration finished.
21:30:59.950 [SpringApplicationShutdownHook] INFO  c.a.n.client.naming - [shutdown,256] - com.alibaba.nacos.client.naming.cache.ServiceInfoHolder do shutdown begin
21:30:59.950 [SpringApplicationShutdownHook] INFO  c.a.n.client.naming - [shutdown,136] - com.alibaba.nacos.client.naming.backups.FailoverReactor do shutdown begin
21:30:59.951 [SpringApplicationShutdownHook] INFO  c.a.n.client.naming - [shutdown,138] - com.alibaba.nacos.client.naming.backups.FailoverReactor do shutdown stop
21:30:59.951 [SpringApplicationShutdownHook] INFO  c.a.n.client.naming - [shutdown,258] - com.alibaba.nacos.client.naming.cache.ServiceInfoHolder do shutdown stop
21:30:59.951 [SpringApplicationShutdownHook] INFO  c.a.n.client.naming - [shutdown,204] - com.alibaba.nacos.client.naming.remote.NamingClientProxyDelegate do shutdown begin
21:30:59.951 [SpringApplicationShutdownHook] INFO  c.a.n.client.naming - [shutdown,143] - com.alibaba.nacos.client.naming.core.ServiceInfoUpdateService do shutdown begin
21:30:59.951 [SpringApplicationShutdownHook] INFO  c.a.n.client.naming - [shutdown,145] - com.alibaba.nacos.client.naming.core.ServiceInfoUpdateService do shutdown stop
21:30:59.951 [SpringApplicationShutdownHook] INFO  c.a.n.client.naming - [shutdown,194] - com.alibaba.nacos.client.naming.core.ServerListManager do shutdown begin
21:30:59.951 [SpringApplicationShutdownHook] INFO  c.a.n.client.naming - [shutdown,199] - com.alibaba.nacos.client.naming.core.ServerListManager do shutdown stop
21:30:59.952 [SpringApplicationShutdownHook] INFO  c.a.n.client.naming - [shutdown,484] - com.alibaba.nacos.client.naming.remote.http.NamingHttpClientProxy do shutdown begin
21:30:59.952 [SpringApplicationShutdownHook] INFO  c.a.n.client.naming - [shutdown,486] - com.alibaba.nacos.client.naming.remote.http.NamingHttpClientProxy do shutdown stop
21:30:59.952 [SpringApplicationShutdownHook] INFO  c.a.n.c.r.client - [shutdown,429] - Shutdown rpc client, set status to shutdown
21:30:59.953 [SpringApplicationShutdownHook] INFO  c.a.n.c.r.client - [shutdown,431] - Shutdown client event executor java.util.concurrent.ScheduledThreadPoolExecutor@1368518b[Running, pool size = 2, active threads = 2, queued tasks = 0, completed tasks = 0]
21:30:59.953 [SpringApplicationShutdownHook] INFO  c.a.n.c.r.client - [closeConnection,584] - Close current connection 1771335012143_172.17.0.1_33740
21:30:59.956 [SpringApplicationShutdownHook] INFO  c.a.n.c.r.c.g.GrpcClient - [shutdown,159] - Shutdown grpc executor java.util.concurrent.ThreadPoolExecutor@1183f1c1[Running, pool size = 3, active threads = 0, queued tasks = 0, completed tasks = 15]
21:30:59.956 [SpringApplicationShutdownHook] INFO  c.a.n.client.naming - [shutdown,318] - Shutdown grpc redo service executor java.util.concurrent.ScheduledThreadPoolExecutor@7f609d35[Running, pool size = 1, active threads = 0, queued tasks = 1, completed tasks = 15]
21:30:59.956 [SpringApplicationShutdownHook] INFO  c.a.n.c.a.r.i.CredentialWatcher - [stop,106] - [null] CredentialWatcher is stopped
21:30:59.957 [SpringApplicationShutdownHook] INFO  c.a.n.c.a.r.i.CredentialService - [free,100] - [null] CredentialService is freed
21:30:59.957 [SpringApplicationShutdownHook] INFO  c.a.n.client.naming - [shutdown,211] - com.alibaba.nacos.client.naming.remote.NamingClientProxyDelegate do shutdown stop
21:31:00.090 [SpringApplicationShutdownHook] INFO  c.z.h.HikariDataSource - [close,350] - HikariPool-1 - Shutdown initiated...
21:31:00.097 [SpringApplicationShutdownHook] INFO  c.z.h.HikariDataSource - [close,352] - HikariPool-1 - Shutdown completed.
